SL No.,Ayurveda Terms,Sentence where it appears,Classification
1,rash,"easyayurveda.com                                                                          1 
 
 
easyayurveda.com                                                                          2 
 
Dedication:  
At the holy feet of Dr A Chandrashekhara Udupa  
 (Poojya Doctorji), Managing Director of Divine Park Trust ® and my Spiritual Guru.",symptoms
2,yoga,"Charaka Chikitsa 2.1 Samyoga Sharamuliya Vajikarana Pada 
6.",treatments
3,jwara,"Charaka Jwara Nidana: 1st Chapter 
11.",diseases
4,fever,"Ayurveda Lifestyle and Diet For Fever – 45 Important Things To Know 
13.",symptoms
5,rakta,"Charaka Raktapitta Nidana: 2nd Chapter 
14.",ingredients
6,pitta,"Charaka Raktapitta Nidana: 2nd Chapter 
14.",symptoms
7,diabetes,"Diabetes: Ayurvedic Treatment, Remedies, Prevention Tips 
23.",diseases
8,kushta,"Charaka Kushta Nidana: 5th chapter 
easyayurveda.com                                                                          5 
 
25.",medical_plants
9,eczema,"Eczema: Causes, Ayurvedic Treatment, Medicines, Home Remedies 
28.",diseases
10,psoriasis,"Psoriasis – Ayurvedic Treatment, Medicines, Herbs, Remedies 
30.",diseases
11,anemia,"Effective Ayurvedic Remedies For Anemia 
50.",diseases
12,asthma,"Chronic Asthma Causes, Diet, Natural Remedies 
52.",diseases
13,cough,"Smoker’s Cough: Symptoms, Ayurvedic Treatment, Medicines 
54.",symptoms
14,vomiting,"Charaka Chardi Chikitsa – 20th Chapter | Vomiting Treatment 
easyayurveda.com                                                                          6 
 
58.",symptoms
15,nausea,"Nausea: Ayurvedic remedies, treatment, Medicines 
59.",symptoms
16,ulcers,"Charaka Vrana Chikitsa – 25th Chapter – Wounds, Ulcers 
69.",diseases
17,migraine,"Migraine – Ayurvedic treatment, Herbs, Home Remedies 
72.",diseases
18,vata,"Charaka Vatavyadhi Chikitsa 28th Chapter 
76.",symptoms
19,gout,"Gout: Causes, Symptoms, Treatment, home remedies 
81.",diseases
20,itching,"Vaginal Itching: Causes, Symptoms, Ayurveda Remedies, Tips 
84.",symptoms
21,brahmi,"Description of Kutipraveshika Rasayana: 
• One should get a cottage constructed in a good site inhabited by 
the king, physician, Brahmins, saints and those who perform 
virtuous acts,  
• The place should be freem from alarm, auspicious and where the 
required appliances can easily be procured.",ingredients
22,panchakarma,"That individual should then be cleansed by Panchakarma – 
elimination therapy.",treatments
23,sweating,"[16-
24] 
Preparation Elimination therapy: 
हरीतकीनां िूणाजतन सैरिवामलके गुडम् | 
विां ववडङ्गं रजनीं वपप्पलीं ववश्वभेषजम् ||२५|| 
वपबेदुष्णाम्प्बुना जरतुः स्नेहस्वेदोपपाहदतः | 
तेन शुधशरीराय कृतसंसजजनाय ि ||२६|| 
त्रत्ररात्रं यावकं दद्यात् पचिाहं वाऽवप सवपजषा | 
सप्ताहं वा पुराणस्य यावर्च्छुधेस्तु विजसः | |२७|| 
शुधकोष्ठं तु तं ज्ञासवा रसायनमुपािरेत् | 
वयःप्रकृततसासम्प्यज्ञो यौचगकं यस्य यद्भवेत् ||२८|| 
harītakīnāṃ cūrṇāni saindhavāmalake guḍam | 
vacāṃ viḍaṅgaṃ rajanīṃ pippalīṃ viśvabheṣajam ||25|| 
pibeduṣṇāmbunā jantuḥ snehasvedopapāditaḥ | 
easyayurveda.com                                                                          16 
 
tena śuddhaśarīrāya kṛtasaṃsarjanāya ca ||26|| 
trirātraṃ yāvakaṃ dadyāt pañcāhaṃ vā’pi sarpiṣā | 
saptāhaṃ vā purāṇasya yāvacchuddhestu varcasaḥ | |27|| 
śuddhakoṣṭhaṃ tu taṃ jñātvā rasāyanamupācaret | 
vayaḥprakṛtisātmyajño yaugikaṃ yasya yadbhavet ||28|| 
The person after oleation (Snehana) and sweating 
(Swedana) therapies, should take the following combination of 
herbal powders with a cup of hot water.",symptoms
24,swedana,"[16-
24] 
Preparation Elimination therapy: 
हरीतकीनां िूणाजतन सैरिवामलके गुडम् | 
विां ववडङ्गं रजनीं वपप्पलीं ववश्वभेषजम् ||२५|| 
वपबेदुष्णाम्प्बुना जरतुः स्नेहस्वेदोपपाहदतः | 
तेन शुधशरीराय कृतसंसजजनाय ि ||२६|| 
त्रत्ररात्रं यावकं दद्यात् पचिाहं वाऽवप सवपजषा | 
सप्ताहं वा पुराणस्य यावर्च्छुधेस्तु विजसः | |२७|| 
शुधकोष्ठं तु तं ज्ञासवा रसायनमुपािरेत् | 
वयःप्रकृततसासम्प्यज्ञो यौचगकं यस्य यद्भवेत् ||२८|| 
harītakīnāṃ cūrṇāni saindhavāmalake guḍam | 
vacāṃ viḍaṅgaṃ rajanīṃ pippalīṃ viśvabheṣajam ||25|| 
pibeduṣṇāmbunā jantuḥ snehasvedopapāditaḥ | 
easyayurveda.com                                                                          16 
 
tena śuddhaśarīrāya kṛtasaṃsarjanāya ca ||26|| 
trirātraṃ yāvakaṃ dadyāt pañcāhaṃ vā’pi sarpiṣā | 
saptāhaṃ vā purāṇasya yāvacchuddhestu varcasaḥ | |27|| 
śuddhakoṣṭhaṃ tu taṃ jñātvā rasāyanamupācaret | 
vayaḥprakṛtisātmyajño yaugikaṃ yasya yadbhavet ||28|| 
The person after oleation (Snehana) and sweating 
(Swedana) therapies, should take the following combination of 
herbal powders with a cup of hot water.",treatments
25,turmeric,"The herbal powder is prepared with equal amounts of each of – 
Haritaki – Terminalia chebula with 
Saindhava – Rock-salt,  
Amalaki (Emblica officinalis) 
Guda – Jaggery 
Vacha – Acorus calamus 
Vidanga (Embelia ribes) 
Rajani – Turmeric 
Pippali (long pepper), and 
Vishwa Bheshaja – ginger 
After administering the above combination with hot water, the 
person’s body undergoes natural cleansing.",ingredients
26,ginger,"The herbal powder is prepared with equal amounts of each of – 
Haritaki – Terminalia chebula with 
Saindhava – Rock-salt,  
Amalaki (Emblica officinalis) 
Guda – Jaggery 
Vacha – Acorus calamus 
Vidanga (Embelia ribes) 
Rajani – Turmeric 
Pippali (long pepper), and 
Vishwa Bheshaja – ginger 
After administering the above combination with hot water, the 
person’s body undergoes natural cleansing.",ingredients
27,haritaki,"The herbal powder is prepared with equal amounts of each of – 
Haritaki – Terminalia chebula with 
Saindhava – Rock-salt,  
Amalaki (Emblica officinalis) 
Guda – Jaggery 
Vacha – Acorus calamus 
Vidanga (Embelia ribes) 
Rajani – Turmeric 
Pippali (long pepper), and 
Vishwa Bheshaja – ginger 
After administering the above combination with hot water, the 
person’s body undergoes natural cleansing.",ingredients
28,pippali,"The herbal powder is prepared with equal amounts of each of – 
Haritaki – Terminalia chebula with 
Saindhava – Rock-salt,  
Amalaki (Emblica officinalis) 
Guda – Jaggery 
Vacha – Acorus calamus 
Vidanga (Embelia ribes) 
Rajani – Turmeric 
Pippali (long pepper), and 
Vishwa Bheshaja – ginger 
After administering the above combination with hot water, the 
person’s body undergoes natural cleansing.",ingredients
29,vidanga,"The herbal powder is prepared with equal amounts of each of – 
Haritaki – Terminalia chebula with 
Saindhava – Rock-salt,  
Amalaki (Emblica officinalis) 
Guda – Jaggery 
Vacha – Acorus calamus 
Vidanga (Embelia ribes) 
Rajani – Turmeric 
Pippali (long pepper), and 
Vishwa Bheshaja – ginger 
After administering the above combination with hot water, the 
person’s body undergoes natural cleansing.",medical_plants
30,ghee,"For next 3, 5 or 7 days, 
the patient is administered with 
Yaavaka – barley-gruel with Purana ghrita (old ghee) 
Having ascertained that the Koshta (internal organs) is purged of all 
the impurities, he should be administered anti ageing therapy, 
suitable for him by a physician who is well versed with 
Vaya – age,  
Prakruti – Tridosha body constitution and 
Satmya – what is congenial and what is not, of the individual.",ingredients
31,kapha,"[24-
28] 
easyayurveda.com                                                                          17 
 
Qualities and functions of Haritaki:  
हरीतकीं पचिरसामुष्णामलवणां मशवाम् | 
दोषानुलोमनीं लघवीं ववद्याद्दीपनपािनीम् ||२९|| 
आयुष्यां पौवटकीं िरयां वयसः स्थापनीं पराम् | 
सवजरोगप्रशमनीं बुधीत्रद्रयबलप्रदाम् ||३०|| 
कुष्ठं गुल्ममुदावतं शोषं पाण््वामयं मदम् | 
अशांमस ग्रहणीदोषं पुराणं ववषमज्वरम् ||३१|| 
हृद्रोगं समशरोरोगमतीसारमरोिकम् | 
कासं प्रमेहमानाहं प्लीहानमुदरं नवम् ||३२|| 
कफप्रसेकं वैस्वयं वैवण्यं कामलां कक्रमीन् | 
श्वयथुं तमकं छहदं सलैब्यमङ्गावसादनम् ||३३|| 
स्रोतोववबरिान् वववविान् प्रलेपं हृदयोरसोः | 
स्मृततबुवधप्रमोहं ि जयेर्च्छीघ्रं हरीतकी ||३४|| 
 (अजीर्णजनो रूक्षभुजः िीमद्यववषकमशजताः | 
सेवेररनाभयामेते क्षुत्तृष्णोष्णाहदजताि ये)| |३५|| 
तान् गुणांस्तातन कमाजर्ण ववद्यादामलकीष्ववप | 
यारयुक्तातन हरीतसया वीयजस्य तु ववपयजयः ||३६|| 
अतिामृतकल्पातन ववद्यात् कमजमभरीदृशैः | 
हरीतकीनां शस्यातन मभषगामलकस्य ि ||३७|| 
harītakīṃ pañcarasāmuṣṇāmalavaṇāṃ śivām | 
doṣānulomanīṃ laghvīṃ vidyāddīpanapācanīm ||29|| 
āyuṣyāṃ pauṣṭikīṃ dhanyāṃ vayasaḥ sthāpanīṃ parām | 
sarvarogapraśamanīṃ buddhīndriyabalapradām ||30|| 
kuṣṭhaṃ gulmamudāvartaṃ śoṣaṃ pāṇḍvāmayaṃ madam | 
arśāṃsi grahaṇīdoṣaṃ purāṇaṃ viṣamajvaram ||31|| 
hṛdrogaṃ saśirorogamatīsāramarocakam | 
kāsaṃ pramehamānāhaṃ plīhānamudaraṃ navam ||32|| 
kaphaprasekaṃ vaisvaryaṃ vaivarṇyaṃ kāmalāṃ krimīn | 
śvayathuṃ tamakaṃ chardiṃ klaibyamaṅgāvasādanam ||33|| 
easyayurveda.com                                                                          18 
 
srotovibandhān vividhān pralepaṃ hṛdayorasoḥ | 
smṛtibuddhipramohaṃ ca jayecchīghraṃ harītakī ||34|| 
 (ajīrṇino rūkṣabhujaḥ strīmadyaviṣakarśitāḥ | 
severannābhayāmete kṣuttṛṣṇoṣṇārditāśca ye)| |35|| 
tān guṇāṃstāni karmāṇi vidyādāmalakīṣvapi | 
yānyuktāni harītakyā vīryasya tu viparyayaḥ ||36|| 
ataścāmṛtakalpāni vidyāt karmabhirīdṛśaiḥ | 
harītakīnāṃ śasyāni bhiṣagāmalakasya ca ||37|| 
Qualities of Haritaki – Terminalia chebula: 
Has five tastes viz, sweet, sour, pungent, bitter and astringent 
Ushna – It is hot in potency 
Alavanam – It is free from saline taste 
Shiva – It is good for general health 
Dosha Anulomi – It eliminates the Doshas through intestines 
Laghvi – light to digest 
Deepana – improves digestion strength 
Pachana – digestive 
Vayasa Sthapani, Ayushya – anti aging, rejuvenating 
Paushtiki – nourishing 
Sarva Roga Prashamani – eradicates all diseases and 
Buddhi Indriya Balaprada – promotes intellect, sense perception 
and vitality.",symptoms
32,amla,"Haritaki is indicated in: 
• Kustha (obstinate skin disease, including leprosy) 
• Gulma (phantom Tumor) 
• Udavarta (upward movement of the wind in abdomen) 
• Shosha (consumption) 
• Pandu (anemia) 
easyayurveda.com                                                                          19 
 
• Mada (intoxication) 
• Arshas (piles) 
• Grahani-dosa (sprue syndrome) 
• Purana Vishama Jwara – chronic and irregular fever 
• Hrudroga (heart diseases) 
• Shiroroga – diseases of the head 
• Atisara – Diarrhea 
• Arochaka (anorexia) 
• Kasa (cough),  
• Prameha (urinary diseases, including diabetes mellitus),  
• Anaha (abdominal distension, bloating),  
• recently occurred udara (obstinate diseases of abdomen, 
including ascites),  
• Kapha Praseka – excessive salivation,  
• Vaiswaryam (hoarseness of voice),  
• Vaivarnayam (impairment of complexion),  
• Kamala (jaundice),  
• Krimi (intestinal worms),  
• Shvayathu – oedema, inflammation 
• Tamaka Swasa (bronchial Asthma),  
• Chardi (vomiting),  
• Klaibya (impotency),  
• Anga saada (lassitude in the body),  
• Sroto Vibandha – various types of obstructions in the channels of 
circulations,  
• Pralepa Hrudayo Raso – collection of adhesive material (like fat) 
around the heart and chest, and 
• Smruti, Buddhi Pramoha – affliction of memory and intellect 
easyayurveda.com                                                                          20 
 
Contra indications of Haritaki –  
• Ajeerni – Those suffering from indigestion 
• Rooksha bhuja – Taking dry food 
• Stri Karshita – those who are weak due to sexual indulgence 
• Madya Karshita – emaciated due to excess of alcohol 
• Visha Karshita – emaciated due to poisons 
• Kshut – afflicted with excess hunger 
• Trushna – afflicted with excess thirst 
• Ushnardita – afflicted with excess heat (such as Sun stroke) 
Qualities of Amalki: 
Amalaki (Emblica Officinalis) – Amla possesses similar qualities to 
that of Haritaki, except in potency, (Amalaki is cold, Haritaki is hot).",ingredients
33,diarrhea,"Haritaki is indicated in: 
• Kustha (obstinate skin disease, including leprosy) 
• Gulma (phantom Tumor) 
• Udavarta (upward movement of the wind in abdomen) 
• Shosha (consumption) 
• Pandu (anemia) 
easyayurveda.com                                                                          19 
 
• Mada (intoxication) 
• Arshas (piles) 
• Grahani-dosa (sprue syndrome) 
• Purana Vishama Jwara – chronic and irregular fever 
• Hrudroga (heart diseases) 
• Shiroroga – diseases of the head 
• Atisara – Diarrhea 
• Arochaka (anorexia) 
• Kasa (cough),  
• Prameha (urinary diseases, including diabetes mellitus),  
• Anaha (abdominal distension, bloating),  
• recently occurred udara (obstinate diseases of abdomen, 
including ascites),  
• Kapha Praseka – excessive salivation,  
• Vaiswaryam (hoarseness of voice),  
• Vaivarnayam (impairment of complexion),  
• Kamala (jaundice),  
• Krimi (intestinal worms),  
• Shvayathu – oedema, inflammation 
• Tamaka Swasa (bronchial Asthma),  
• Chardi (vomiting),  
• Klaibya (impotency),  
• Anga saada (lassitude in the body),  
• Sroto Vibandha – various types of obstructions in the channels of 
circulations,  
• Pralepa Hrudayo Raso – collection of adhesive material (like fat) 
around the heart and chest, and 
• Smruti, Buddhi Pramoha – affliction of memory and intellect 
easyayurveda.com                                                                          20 
 
Contra indications of Haritaki –  
• Ajeerni – Those suffering from indigestion 
• Rooksha bhuja – Taking dry food 
• Stri Karshita – those who are weak due to sexual indulgence 
• Madya Karshita – emaciated due to excess of alcohol 
• Visha Karshita – emaciated due to poisons 
• Kshut – afflicted with excess hunger 
• Trushna – afflicted with excess thirst 
• Ushnardita – afflicted with excess heat (such as Sun stroke) 
Qualities of Amalki: 
Amalaki (Emblica Officinalis) – Amla possesses similar qualities to 
that of Haritaki, except in potency, (Amalaki is cold, Haritaki is hot).",symptoms
34,indigestion,"Haritaki is indicated in: 
• Kustha (obstinate skin disease, including leprosy) 
• Gulma (phantom Tumor) 
• Udavarta (upward movement of the wind in abdomen) 
• Shosha (consumption) 
• Pandu (anemia) 
easyayurveda.com                                                                          19 
 
• Mada (intoxication) 
• Arshas (piles) 
• Grahani-dosa (sprue syndrome) 
• Purana Vishama Jwara – chronic and irregular fever 
• Hrudroga (heart diseases) 
• Shiroroga – diseases of the head 
• Atisara – Diarrhea 
• Arochaka (anorexia) 
• Kasa (cough),  
• Prameha (urinary diseases, including diabetes mellitus),  
• Anaha (abdominal distension, bloating),  
• recently occurred udara (obstinate diseases of abdomen, 
including ascites),  
• Kapha Praseka – excessive salivation,  
• Vaiswaryam (hoarseness of voice),  
• Vaivarnayam (impairment of complexion),  
• Kamala (jaundice),  
• Krimi (intestinal worms),  
• Shvayathu – oedema, inflammation 
• Tamaka Swasa (bronchial Asthma),  
• Chardi (vomiting),  
• Klaibya (impotency),  
• Anga saada (lassitude in the body),  
• Sroto Vibandha – various types of obstructions in the channels of 
circulations,  
• Pralepa Hrudayo Raso – collection of adhesive material (like fat) 
around the heart and chest, and 
• Smruti, Buddhi Pramoha – affliction of memory and intellect 
easyayurveda.com                                                                          20 
 
Contra indications of Haritaki –  
• Ajeerni – Those suffering from indigestion 
• Rooksha bhuja – Taking dry food 
• Stri Karshita – those who are weak due to sexual indulgence 
• Madya Karshita – emaciated due to excess of alcohol 
• Visha Karshita – emaciated due to poisons 
• Kshut – afflicted with excess hunger 
• Trushna – afflicted with excess thirst 
• Ushnardita – afflicted with excess heat (such as Sun stroke) 
Qualities of Amalki: 
Amalaki (Emblica Officinalis) – Amla possesses similar qualities to 
that of Haritaki, except in potency, (Amalaki is cold, Haritaki is hot).",symptoms
35,jaundice,"Haritaki is indicated in: 
• Kustha (obstinate skin disease, including leprosy) 
• Gulma (phantom Tumor) 
• Udavarta (upward movement of the wind in abdomen) 
• Shosha (consumption) 
• Pandu (anemia) 
easyayurveda.com                                                                          19 
 
• Mada (intoxication) 
• Arshas (piles) 
• Grahani-dosa (sprue syndrome) 
• Purana Vishama Jwara – chronic and irregular fever 
• Hrudroga (heart diseases) 
• Shiroroga – diseases of the head 
• Atisara – Diarrhea 
• Arochaka (anorexia) 
• Kasa (cough),  
• Prameha (urinary diseases, including diabetes mellitus),  
• Anaha (abdominal distension, bloating),  
• recently occurred udara (obstinate diseases of abdomen, 
including ascites),  
• Kapha Praseka – excessive salivation,  
• Vaiswaryam (hoarseness of voice),  
• Vaivarnayam (impairment of complexion),  
• Kamala (jaundice),  
• Krimi (intestinal worms),  
• Shvayathu – oedema, inflammation 
• Tamaka Swasa (bronchial Asthma),  
• Chardi (vomiting),  
• Klaibya (impotency),  
• Anga saada (lassitude in the body),  
• Sroto Vibandha – various types of obstructions in the channels of 
circulations,  
• Pralepa Hrudayo Raso – collection of adhesive material (like fat) 
around the heart and chest, and 
• Smruti, Buddhi Pramoha – affliction of memory and intellect 
easyayurveda.com                                                                          20 
 
Contra indications of Haritaki –  
• Ajeerni – Those suffering from indigestion 
• Rooksha bhuja – Taking dry food 
• Stri Karshita – those who are weak due to sexual indulgence 
• Madya Karshita – emaciated due to excess of alcohol 
• Visha Karshita – emaciated due to poisons 
• Kshut – afflicted with excess hunger 
• Trushna – afflicted with excess thirst 
• Ushnardita – afflicted with excess heat (such as Sun stroke) 
Qualities of Amalki: 
Amalaki (Emblica Officinalis) – Amla possesses similar qualities to 
that of Haritaki, except in potency, (Amalaki is cold, Haritaki is hot).",diseases
36,piles,"Haritaki is indicated in: 
• Kustha (obstinate skin disease, including leprosy) 
• Gulma (phantom Tumor) 
• Udavarta (upward movement of the wind in abdomen) 
• Shosha (consumption) 
• Pandu (anemia) 
easyayurveda.com                                                                          19 
 
• Mada (intoxication) 
• Arshas (piles) 
• Grahani-dosa (sprue syndrome) 
• Purana Vishama Jwara – chronic and irregular fever 
• Hrudroga (heart diseases) 
• Shiroroga – diseases of the head 
• Atisara – Diarrhea 
• Arochaka (anorexia) 
• Kasa (cough),  
• Prameha (urinary diseases, including diabetes mellitus),  
• Anaha (abdominal distension, bloating),  
• recently occurred udara (obstinate diseases of abdomen, 
including ascites),  
• Kapha Praseka – excessive salivation,  
• Vaiswaryam (hoarseness of voice),  
• Vaivarnayam (impairment of complexion),  
• Kamala (jaundice),  
• Krimi (intestinal worms),  
• Shvayathu – oedema, inflammation 
• Tamaka Swasa (bronchial Asthma),  
• Chardi (vomiting),  
• Klaibya (impotency),  
• Anga saada (lassitude in the body),  
• Sroto Vibandha – various types of obstructions in the channels of 
circulations,  
• Pralepa Hrudayo Raso – collection of adhesive material (like fat) 
around the heart and chest, and 
• Smruti, Buddhi Pramoha – affliction of memory and intellect 
easyayurveda.com                                                                          20 
 
Contra indications of Haritaki –  
• Ajeerni – Those suffering from indigestion 
• Rooksha bhuja – Taking dry food 
• Stri Karshita – those who are weak due to sexual indulgence 
• Madya Karshita – emaciated due to excess of alcohol 
• Visha Karshita – emaciated due to poisons 
• Kshut – afflicted with excess hunger 
• Trushna – afflicted with excess thirst 
• Ushnardita – afflicted with excess heat (such as Sun stroke) 
Qualities of Amalki: 
Amalaki (Emblica Officinalis) – Amla possesses similar qualities to 
that of Haritaki, except in potency, (Amalaki is cold, Haritaki is hot).",diseases
37,leprosy,"Haritaki is indicated in: 
• Kustha (obstinate skin disease, including leprosy) 
• Gulma (phantom Tumor) 
• Udavarta (upward movement of the wind in abdomen) 
• Shosha (consumption) 
• Pandu (anemia) 
easyayurveda.com                                                                          19 
 
• Mada (intoxication) 
• Arshas (piles) 
• Grahani-dosa (sprue syndrome) 
• Purana Vishama Jwara – chronic and irregular fever 
• Hrudroga (heart diseases) 
• Shiroroga – diseases of the head 
• Atisara – Diarrhea 
• Arochaka (anorexia) 
• Kasa (cough),  
• Prameha (urinary diseases, including diabetes mellitus),  
• Anaha (abdominal distension, bloating),  
• recently occurred udara (obstinate diseases of abdomen, 
including ascites),  
• Kapha Praseka – excessive salivation,  
• Vaiswaryam (hoarseness of voice),  
• Vaivarnayam (impairment of complexion),  
• Kamala (jaundice),  
• Krimi (intestinal worms),  
• Shvayathu – oedema, inflammation 
• Tamaka Swasa (bronchial Asthma),  
• Chardi (vomiting),  
• Klaibya (impotency),  
• Anga saada (lassitude in the body),  
• Sroto Vibandha – various types of obstructions in the channels of 
circulations,  
• Pralepa Hrudayo Raso – collection of adhesive material (like fat) 
around the heart and chest, and 
• Smruti, Buddhi Pramoha – affliction of memory and intellect 
easyayurveda.com                                                                          20 
 
Contra indications of Haritaki –  
• Ajeerni – Those suffering from indigestion 
• Rooksha bhuja – Taking dry food 
• Stri Karshita – those who are weak due to sexual indulgence 
• Madya Karshita – emaciated due to excess of alcohol 
• Visha Karshita – emaciated due to poisons 
• Kshut – afflicted with excess hunger 
• Trushna – afflicted with excess thirst 
• Ushnardita – afflicted with excess heat (such as Sun stroke) 
Qualities of Amalki: 
Amalaki (Emblica Officinalis) – Amla possesses similar qualities to 
that of Haritaki, except in potency, (Amalaki is cold, Haritaki is hot).",diseases
38,shatavari,"a. Vidarigandhi-pancha: 
Vidarigandha (Pueraria tuberosa) 
Brihati – Solanum indicum 
Prishniparni – Uraria picta 
Nidigdhika 
Shwadamshtra – Tribulus terrestris 
b. Brihat -panchamoola: 
Bilva – Aegle marmelos 
Shyonaka – Oroxylum indicum 
Gambhari – Coomb Teak (root) – Gmelina arborea 
Patala – Trumpet (root) – Stereospermum suaveolens 
Agnimantha – Premna corymbosa (Burm.f) Merr 
c. Punarnavadi-panchamoola: 
Punarnava – Boerhavia diffusa  
Mudgaparni – Phaseolus trilobus 
Mashaparni – Teramnus labialis 
Bala – Sida cordifolia 
Eranda – castor root 
d. Jivaneeya-Panchamoola: 
Jeevaka – Malaxis acuminata 
Rishabhaka – Manilkara hexandra 
Meda – Polygonatum cirrhifolium 
Jeevanti – Leptadenia reticulata 
Shatavari – Asparagus racemosus 
e. Truna Panchamoola 
Kusha – Desmostachya bipinnata 
easyayurveda.com                                                                          25 
 
Kasha – Saccharum spontaneum 
Shara – Saccharum munja 
Darbha –Imperata cylindrical 
Ikshu – Sugarcanne – Saccharum officinarum 
To this, 1000 freshly collected fruits of Haritaki and 3000 freshly 
collected fruits of Amalaki are added.",ingredients
39,cumin,"a. Vidarigandhi-pancha: 
Vidarigandha (Pueraria tuberosa) 
Brihati – Solanum indicum 
Prishniparni – Uraria picta 
Nidigdhika 
Shwadamshtra – Tribulus terrestris 
b. Brihat -panchamoola: 
Bilva – Aegle marmelos 
Shyonaka – Oroxylum indicum 
Gambhari – Coomb Teak (root) – Gmelina arborea 
Patala – Trumpet (root) – Stereospermum suaveolens 
Agnimantha – Premna corymbosa (Burm.f) Merr 
c. Punarnavadi-panchamoola: 
Punarnava – Boerhavia diffusa  
Mudgaparni – Phaseolus trilobus 
Mashaparni – Teramnus labialis 
Bala – Sida cordifolia 
Eranda – castor root 
d. Jivaneeya-Panchamoola: 
Jeevaka – Malaxis acuminata 
Rishabhaka – Manilkara hexandra 
Meda – Polygonatum cirrhifolium 
Jeevanti – Leptadenia reticulata 
Shatavari – Asparagus racemosus 
e. Truna Panchamoola 
Kusha – Desmostachya bipinnata 
easyayurveda.com                                                                          25 
 
Kasha – Saccharum spontaneum 
Shara – Saccharum munja 
Darbha –Imperata cylindrical 
Ikshu – Sugarcanne – Saccharum officinarum 
To this, 1000 freshly collected fruits of Haritaki and 3000 freshly 
collected fruits of Amalaki are added.",ingredients
40,punarnava,"a. Vidarigandhi-pancha: 
Vidarigandha (Pueraria tuberosa) 
Brihati – Solanum indicum 
Prishniparni – Uraria picta 
Nidigdhika 
Shwadamshtra – Tribulus terrestris 
b. Brihat -panchamoola: 
Bilva – Aegle marmelos 
Shyonaka – Oroxylum indicum 
Gambhari – Coomb Teak (root) – Gmelina arborea 
Patala – Trumpet (root) – Stereospermum suaveolens 
Agnimantha – Premna corymbosa (Burm.f) Merr 
c. Punarnavadi-panchamoola: 
Punarnava – Boerhavia diffusa  
Mudgaparni – Phaseolus trilobus 
Mashaparni – Teramnus labialis 
Bala – Sida cordifolia 
Eranda – castor root 
d. Jivaneeya-Panchamoola: 
Jeevaka – Malaxis acuminata 
Rishabhaka – Manilkara hexandra 
Meda – Polygonatum cirrhifolium 
Jeevanti – Leptadenia reticulata 
Shatavari – Asparagus racemosus 
e. Truna Panchamoola 
Kusha – Desmostachya bipinnata 
easyayurveda.com                                                                          25 
 
Kasha – Saccharum spontaneum 
Shara – Saccharum munja 
Darbha –Imperata cylindrical 
Ikshu – Sugarcanne – Saccharum officinarum 
To this, 1000 freshly collected fruits of Haritaki and 3000 freshly 
collected fruits of Amalaki are added.",medical_plants
41,bilva,"a. Vidarigandhi-pancha: 
Vidarigandha (Pueraria tuberosa) 
Brihati – Solanum indicum 
Prishniparni – Uraria picta 
Nidigdhika 
Shwadamshtra – Tribulus terrestris 
b. Brihat -panchamoola: 
Bilva – Aegle marmelos 
Shyonaka – Oroxylum indicum 
Gambhari – Coomb Teak (root) – Gmelina arborea 
Patala – Trumpet (root) – Stereospermum suaveolens 
Agnimantha – Premna corymbosa (Burm.f) Merr 
c. Punarnavadi-panchamoola: 
Punarnava – Boerhavia diffusa  
Mudgaparni – Phaseolus trilobus 
Mashaparni – Teramnus labialis 
Bala – Sida cordifolia 
Eranda – castor root 
d. Jivaneeya-Panchamoola: 
Jeevaka – Malaxis acuminata 
Rishabhaka – Manilkara hexandra 
Meda – Polygonatum cirrhifolium 
Jeevanti – Leptadenia reticulata 
Shatavari – Asparagus racemosus 
e. Truna Panchamoola 
Kusha – Desmostachya bipinnata 
easyayurveda.com                                                                          25 
 
Kasha – Saccharum spontaneum 
Shara – Saccharum munja 
Darbha –Imperata cylindrical 
Ikshu – Sugarcanne – Saccharum officinarum 
To this, 1000 freshly collected fruits of Haritaki and 3000 freshly 
collected fruits of Amalaki are added.",medical_plants
42,vidari,"a. Vidarigandhi-pancha: 
Vidarigandha (Pueraria tuberosa) 
Brihati – Solanum indicum 
Prishniparni – Uraria picta 
Nidigdhika 
Shwadamshtra – Tribulus terrestris 
b. Brihat -panchamoola: 
Bilva – Aegle marmelos 
Shyonaka – Oroxylum indicum 
Gambhari – Coomb Teak (root) – Gmelina arborea 
Patala – Trumpet (root) – Stereospermum suaveolens 
Agnimantha – Premna corymbosa (Burm.f) Merr 
c. Punarnavadi-panchamoola: 
Punarnava – Boerhavia diffusa  
Mudgaparni – Phaseolus trilobus 
Mashaparni – Teramnus labialis 
Bala – Sida cordifolia 
Eranda – castor root 
d. Jivaneeya-Panchamoola: 
Jeevaka – Malaxis acuminata 
Rishabhaka – Manilkara hexandra 
Meda – Polygonatum cirrhifolium 
Jeevanti – Leptadenia reticulata 
Shatavari – Asparagus racemosus 
e. Truna Panchamoola 
Kusha – Desmostachya bipinnata 
easyayurveda.com                                                                          25 
 
Kasha – Saccharum spontaneum 
Shara – Saccharum munja 
Darbha –Imperata cylindrical 
Ikshu – Sugarcanne – Saccharum officinarum 
To this, 1000 freshly collected fruits of Haritaki and 3000 freshly 
collected fruits of Amalaki are added.",medical_plants
43,patala,"a. Vidarigandhi-pancha: 
Vidarigandha (Pueraria tuberosa) 
Brihati – Solanum indicum 
Prishniparni – Uraria picta 
Nidigdhika 
Shwadamshtra – Tribulus terrestris 
b. Brihat -panchamoola: 
Bilva – Aegle marmelos 
Shyonaka – Oroxylum indicum 
Gambhari – Coomb Teak (root) – Gmelina arborea 
Patala – Trumpet (root) – Stereospermum suaveolens 
Agnimantha – Premna corymbosa (Burm.f) Merr 
c. Punarnavadi-panchamoola: 
Punarnava – Boerhavia diffusa  
Mudgaparni – Phaseolus trilobus 
Mashaparni – Teramnus labialis 
Bala – Sida cordifolia 
Eranda – castor root 
d. Jivaneeya-Panchamoola: 
Jeevaka – Malaxis acuminata 
Rishabhaka – Manilkara hexandra 
Meda – Polygonatum cirrhifolium 
Jeevanti – Leptadenia reticulata 
Shatavari – Asparagus racemosus 
e. Truna Panchamoola 
Kusha – Desmostachya bipinnata 
easyayurveda.com                                                                          25 
 
Kasha – Saccharum spontaneum 
Shara – Saccharum munja 
Darbha –Imperata cylindrical 
Ikshu – Sugarcanne – Saccharum officinarum 
To this, 1000 freshly collected fruits of Haritaki and 3000 freshly 
collected fruits of Amalaki are added.",medical_plants
44,musta,"Add 192 gm of each of the powder of 
Mandukaparni – Gotu kola 
Pippali – long pepper,  
Shankhapushpi – Convolvulus pluricaulis 
Plava – Nyctanthes arbor-tristis 
Musta – Cyperus rotundus 
Vidanga – False black pepper 
Chandana – Sandalwood 
Aguru – Aquilaria agallocha 
Madhuka – Madhuca longifolia 
Haridra – Turmeric 
Vacha – Acorus calamus 
Kanaka – Datura metel 
Sukshma Ela – Lesser cardamom and 
Twak – Cinnamon 
easyayurveda.com                                                                          26 
 
52, 800 g of sugar (in powder form) + 6, 144 ml of Til oil (sesame 
oil) + 9, 216 ml of ghee 
• This whole mixture is boiled in a copper vessel on a low fire till it 
takes the consistency of a linctus, but not burnt.",ingredients
45,honey,"• When it is cooled, honey should be mixed.",ingredients
46,svedana,"Brahma Rasayana (Second Type): 
यथोक्तगुणानामामलकानां सहस्रं वपटस्वेदनववचिना पयस ऊष्मणा 
easyayurveda.com                                                                          27 
 
सुत्स्वरनमनातपशुष्कमनत्स्थ िूणजयेत् | 
तदामलकसहस्रस्वरसपररपीतं 
त्स्थरापुननजवाजीवरतीनागबलाब्रह्मसुविजलामण्डूकपणीशतावरीशङ्खपुष्पीवपप्पली
विाववडङ्गस्वयङ्गुप्तामृता- 
िरदनागुरुमिुकमिूकपुष्पोसपलपद्ममालतीयुवतीयूचथकािूणाजटभागसंयुक्तं 
पुननाजगबलासहस्रपलस्वरसपररपीतमनातपशुष्कं हिगुर्णतसवपजषा क्षौद्रसवपजषा वा 
क्षुद्रगुडाकृततं कृसवा शुिौ दृढे र्ृतभाववते कुम्प्भे भस्मराशेरिः स्थापयेदरतभूजमेः 
पक्षं कृतरक्षावविानमथवजवेदववदा, पक्षासयये िोधृसय 
कनकरजतताम्रप्रवालकालायसिूणाजटभागसंयुक्तमिजकषजवृद्द्ध्या यथोक्तेन ववचिना 
प्रातः प्रातः प्रयुचजानोऽत्ग्नबलममभसमीक्ष्य, जीणे ि षवटकं पयसा 
ससवपजष्कमुपसेवमानो यथोक्तान् गुणान् समश्नुत इतत ||५८|| 
भवत्रत िात्र- 
इदं रसायनं ब्राह्मं महवषजगणसेववतम् | 
भवसयरोगो दीर्ाजयुः प्रयुचजानो महाबलः ||५९|| 
कारतः प्रजानां मसधाथजिरद्राहदसयसमद्युततः | 
िुतं िारयते सत्त्वमाषं िास्य प्रवतजते ||६०|| 
िरणीिरसारि वायुना समववक्रमः | 
स भवसयववषं िास्य गात्रे सम्प्पद्यते ववषम् ||६१|| 
 (इतत हितीयं ब्राह्मरसायनम्) | 
yathoktaguṇānāmāmalakānāṃ sahasraṃ piṣṭasvedanavidhinā 
payasa ūṣmaṇā susvinnamanātapaśuṣkamanasthi cūrṇayet | 
tadāmalakasahasrasvarasaparipītaṃ 
sthirāpunarnavājīvantīnāgabalābrahmasuvarcalāmaṇḍūkaparṇīśatāv
arīśaṅkhapuṣpīpippalīvacāviḍaṅgasvayaṅguptāmṛtā- 
candanāgurumadhukamadhūkapuṣpotpalapadmamālatīyuvatīyūthik
ācūrṇāṣṭabhāgasaṃyuktaṃ 
punarnāgabalāsahasrapalasvarasaparipītamanātapaśuṣkaṃ 
dviguṇitasarpiṣā kṣaudrasarpiṣā vā kṣudraguḍākṛtiṃ kṛtvā śucau 
dṛḍhe ghṛtabhāvite kumbhe bhasmarāśeradhaḥ 
easyayurveda.com                                                                          28 
 
sthāpayedantarbhūmeḥ pakṣaṃ 
kṛtarakṣāvidhānamatharvavedavidā, pakṣātyaye coddhṛtya 
kanakarajatatāmrapravālakālāyasacūrṇāṣṭabhāgasaṃyuktamardhak
arṣavṛddhyā yathoktena vidhinā prātaḥ prātaḥ 
prayuñjāno’gnibalamabhisamīkṣya, jīrṇe ca ṣaṣṭikaṃ payasā 
sasarpiṣkamupasevamāno yathoktān guṇān samaśnuta iti ||58|| 
bhavanti cātra- 
idaṃ rasāyanaṃ brāhmaṃ maharṣigaṇasevitam | 
bhavatyarogo dīrghāyuḥ prayuñjāno mahābalaḥ ||59|| 
kāntaḥ prajānāṃ siddhārthaścandrādityasamadyutiḥ | 
śrutaṃ dhārayate sattvamārṣaṃ cāsya pravartate ||60|| 
dharaṇīdharasāraśca vāyunā samavikramaḥ | 
sa bhavatyaviṣaṃ cāsya gātre sampadyate viṣam ||61|| 
 (iti dvitīyaṃ brāhmarasāyanam) | 
PROCEDURE: 
1.",treatments
47,nasya,"[58-61] 
Chyavana Prasha: 
त्रबल्वोऽत्ग्नमरथः श्योनाकः काश्मयजः पाटमलबजला | 
पण्यजितस्रः वपप्पल्यः श्वदंष्ट्रा बृहतीियम् ||६२|| 
शृङ्गी तामलकी द्राक्षा जीवरती पुष्करागुरु | 
अभया िामृता ऋवधजीवकषजभकौ शटी ||६३|| 
मुस्तं पुननजवा मेदा सैला िरदनमुसपलम् | 
ववदारी वृषमूलातन काकोली काकनामसका ||६४|| 
एषां पलोत्रमतान् भागाचछतारयामलकस्य ि | 
पचि दद्यात्तदैकध्यं जलद्रोणे ववपाियेत् ||६५|| 
ज्ञासवा गतरसारयेतारयौषिारयथ तं रसम् | 
तर्च्िामलकमुधृसय तनष्कुलं तैलसवपजषोः ||६६|| 
पलिादशके भृष्ट्वा दत्त्वा िािजतुलां मभषक् | 
मसस्यत्ण्डकायाः पूताया लेहवससािु साियेत् ||६७|| 
षट्पलं मिुनिात्र मसधशीते प्रदापयेत् | 
ितुष्पलं तुगाक्षीयाजः वपप्पलीहिपलं तथा ||६८|| 
पलमेकं तनदध्यार्च्ि सवगेलापत्रकेशरात् | 
इसययं र्च्यवनप्राशः परमुक्तो रसायनः ||६९|| 
कासश्वासहरिैव ववशेषेणोपहदश्यते | 
easyayurveda.com                                                                          31 
 
क्षीणक्षतानां वृधानां बालानां िाङ्गविजनः ||७०|| 
स्वरक्षयमुरोरोगं हृद्रोगं वातशोर्णतम् | 
वपपासां मूत्रशुक्रस्थान् दोषांिाप्यपकषजतत ||७१|| 
अस्य मात्रां प्रयुचजीत योपरुरध्यारन भोजनम् | 
अस्य प्रयोगार्च्र्च्यवनः सुवृधोऽभूत् पुनयुजवा ||७२|| 
मेिां स्मृततं कात्रतमनामयसवमायुःप्रकषं बलममत्रद्रयाणाम् | 
िीषु प्रहषं परमत्ग्नवृवधं वणजप्रसादं पवनानुलोम्प्यम् ||७३|| 
रसायनस्यास्य नरः प्रयोगाल्लभेत जीणोऽवप कुटीप्रवेशात् | 
जराकृतं रूपमपास्य सवं त्रबभततज रूपं नवयौवनस्य ||७४|| 
 (इतत र्च्यवनप्राशः) | 
bilvo’gnimanthaḥ śyonākaḥ kāśmaryaḥ pāṭalirbalā | 
parṇyaścatasraḥ pippalyaḥ śvadaṃṣṭrā bṛhatīdvayam ||62|| 
śṛṅgī tāmalakī drākṣā jīvantī puṣkarāguru | 
abhayā cāmṛtā ṛddhirjīvakarṣabhakau śaṭī ||63|| 
mustaṃ punarnavā medā sailā candanamutpalam | 
vidārī vṛṣamūlāni kākolī kākanāsikā ||64|| 
eṣāṃ palonmitān bhāgāñchatānyāmalakasya ca | 
pañca dadyāttadaikadhyaṃ jaladroṇe vipācayet ||65|| 
jñātvā gatarasānyetānyauṣadhānyatha taṃ rasam | 
taccāmalakamuddhṛtya niṣkulaṃ tailasarpiṣoḥ ||66|| 
paladvādaśake bhṛṣṭvā dattvā cārdhatulāṃ bhiṣak | 
matsyaṇḍikāyāḥ pūtāyā lehavatsādhu sādhayet ||67|| 
ṣaṭpalaṃ madhunaścātra siddhaśīte pradāpayet | 
catuṣpalaṃ tugākṣīryāḥ pippalīdvipalaṃ tathā ||68|| 
palamekaṃ nidadhyācca tvagelāpatrakeśarāt | 
ityayaṃ cyavanaprāśaḥ paramukto rasāyanaḥ ||69|| 
kāsaśvāsaharaścaiva viśeṣeṇopadiśyate | 
kṣīṇakṣatānāṃ vṛddhānāṃ bālānāṃ cāṅgavardhanaḥ ||70|| 
svarakṣayamurorogaṃ hṛdrogaṃ vātaśoṇitam | 
pipāsāṃ mūtraśukrasthān doṣāṃścāpyapakarṣati ||71|| 
asya mātrāṃ prayuñjīta yoparundhyānna bhojanam | 
easyayurveda.com                                                                          32 
 
asya prayogāccyavanaḥ suvṛddho’bhūt punaryuvā ||72|| 
medhāṃ smṛtiṃ kāntimanāmayatvamāyuḥprakarṣaṃ 
balamindriyāṇām | 
strīṣu praharṣaṃ paramagnivṛddhiṃ varṇaprasādaṃ 
pavanānulomyam ||73|| 
rasāyanasyāsya naraḥ prayogāllabheta jīrṇo’pi kuṭīpraveśāt | 
jarākṛtaṃ rūpamapāsya sarvaṃ bibharti rūpaṃ navayauvanasya 
||74|| 
 (iti cyavanaprāśaḥ) | 
INGREDIENTS AND PROCEDURE: 
Bilva – Aegle marmelos 
Agnimantha – Premna mucronata 
Shyonaka – Oroxylum indicum 
Kashmarya – Gmelina arborea 
Patali – Stereospermum suaveolens 
Bala – Country mallow – Sida cordifolia 
Shalaparni – Desmodium gangeticum 
Prishniparni – Uraria picta 
Mashaparni – Teramnus labialis 
Mudgaparni – Phaseolus trilobus 
Pippali – Long pepper 
Shvadamstra – Tribulus terrestris 
Brihati – Solanum indicum 
Kantakari – Solanum surattense 
Shringi – Pistacia chinensis 
Tamalaki – PhyllanThus, niruri 
Draksha – Grapes 
Jivanti – Leptadenia reticulata 
Pushkara – Inula racemosa 
Aguru – Aquilaria agallocha 
Abhaya – Harad – Terminalia chebula 
Riddhi – Habenaria intermedia 
easyayurveda.com                                                                          33 
 
Jivaka – Malaxis acuminata 
Rishabhaka – Manilkara hexandra 
Shati – Zadoary (root) – Hedychium spicatum / Curcuma zeodaria 
Musta – Cyperus rotundus 
Punarnava – Boerhavia diffusa 
Meda – Polygonatum cirrhifolium 
Ela – Cardamom 
Chandana – Sandalwood 
Utpala – Water Lily 
Vidari – Pureria tuberosa 
Vrusha – Adhatoda vasica 
Kakoli – Fritillaria roylei 
Kakanasika – Martynia annua 
1 pala – 48 g of each of the above herb is taken in coarse powder 
form.",treatments
48,keshar,"6 Pala – 288 g of honey; 
4 Pala – 192 g of Tugaksiri; 
easyayurveda.com                                                                          34 
 
2 Pala – 96 g of Pippali – Long pepper 
1 pala – 48 g of each of – 
Twak – Cinnamon 
Ela – Cardamom 
Patra – Cinnamon leaves 
Keshara – Nagakeshara – Mesua ferrea 
This is called Cyavana Prasa.",ingredients
49,licorice,"a. Vidarigandhi-pancha: 
Vidarigandha (Pueraria tuberosa) 
Brihati – Solanum indicum 
Prishniparni – Uraria picta 
Nidigdhika 
Shwadamshtra – Tribulus terrestris 
b. Brihat -panchamoola: 
Bilva – Aegle marmelos 
Shyonaka – Oroxylum indicum 
Gambhari – Coomb Teak (root) – Gmelina arborea 
Patala – Trumpet (root) – Stereospermum suaveolens 
Agnimantha – Premna corymbosa (Burm.f) Merr 
c. Punarnavadi-panchamoola: 
Punarnava – Boerhavia diffusa 
Mudgaparni – Phaseolus trilobus 
Mashaparni – Teramnus labialis 
Bala – Sida cordifolia 
Eranda – castor root 
d. Jivaneeya-Panchamoola: 
Jeevaka – Malaxis acuminata 
Rishabhaka – Manilkara hexandra 
Meda – Polygonatum cirrhifolium 
Jeevanti – Leptadenia reticulata 
Shatavari – Asparagus racemosus 
e. Truna Panchamoola 
Kusha – Desmostachya bipinnata 
Kasha – Saccharum spontaneum 
easyayurveda.com                                                                          39 
 
Shara – Saccharum munja 
Darbha –Imperata cylindrical 
Ikshu – Sugarcanne – Saccharum officinarum 
To this decoction,  
the paste of 
Pippali – Long pepper 
Madhuka (Licorice – Glycyrrhiza glabra),  
Kakoli (Fritillaria roylei),  
Ksheerakakoli (Lilium polyphyllum),  
Atmagupta – Mucuna pruriens 
Jivaka (Malaxis acuminata),  
Rishabhaka (Manilkara hexandra) and 
Ksheerashukla are added.",ingredients
50,talam,"[76] 
easyayurveda.com                                                                          40 
 
Another Rasayana medicine with Haritaki: 
हरीतसयामलक त्रबभीतक हररद्रा त्स्थरा बला ववडङ्गामृतवल्ली ववश्वभेषज मिुक 
वपप्पली सोमवल्क मसधेन क्षीरसवपजषा मिु शकजराभ्यामवप ि सरनीयामलक 
स्वरस शतपररपीतमामलक िूणजमयिूणज ितुभाजगसम्प्प्रयुक्तं पार्णतलमात्रं प्रातः 
प्रातः प्राश्य यथोक्तेन ववचिना सायं मुद्गयूषेण पयसा वा ससवपजष्कं 
शामलषवटकारनमश्नीयात्, त्रत्रवषजप्रयोगादस्य वषजशतमजरं वयत्स्तष्ठतत, 
िुतमवततष्ठते, सवाजमयाः प्रशाम्प्यत्रत, ववषमववषं भवतत गात्रे, गात्रमश्मवत् 
त्स्थरीभवतत, अिृष्यो भूतानां भवतत||७७|| 
भवत्रत िात्र- 
यथाऽमराणाममृतं यथा भोगवतां सुिा | 
तथाऽभवरमहषीणां रसायनववचिः पुरा ||७८|| 
न जरां न ि दौबजल्यं नातुयं तनिनं न ि | 
जग्मुवजषजसहस्रार्ण रसायनपराः पुरा | |७९|| 
न केवलं दीर्जममहायुरश्नुते रसायनं यो ववचिवत्रनषेवते | 
गततं स देववषज तनषेववतां शुभां प्रपद्यते ब्रह्म तथेतत िाक्षयम् ||८०|| 
harītakyāmalaka bibhītaka haridrā sthirā balā viḍaṅgāmṛtavallī 
viśvabheṣaja madhuka pippalī somavalka siddhena kṣīrasarpiṣā 
madhu śarkarābhyāmapi ca sannīyāmalaka svarasa 
śataparipītamāmalaka cūrṇamayaścūrṇa caturbhāgasamprayuktaṃ 
pāṇitalamātraṃ prātaḥ prātaḥ prāśya yathoktena vidhinā sāyaṃ 
mudgayūṣeṇa payasā vā sasarpiṣkaṃ śāliṣaṣṭikānnamaśnīyāt, 
trivarṣaprayogādasya varṣaśatamajaraṃ vayastiṣṭhati, 
śrutamavatiṣṭhate, sarvāmayāḥ praśāmyanti, viṣamaviṣaṃ bhavati 
gātre, gātramaśmavat sthirībhavati, adhṛṣyo bhūtānāṃ 
bhavati||77|| 
bhavanti cātra- 
yathā’marāṇāmamṛtaṃ yathā bhogavatāṃ sudhā | 
tathā’bhavanmaharṣīṇāṃ rasāyanavidhiḥ purā ||78|| 
na jarāṃ na ca daurbalyaṃ nāturyaṃ nidhanaṃ na ca | 
jagmurvarṣasahasrāṇi rasāyanaparāḥ purā | |79|| 
easyayurveda.com                                                                          41 
 
na kevalaṃ dīrghamihāyuraśnute rasāyanaṃ yo vidhivanniṣevate | 
gatiṃ sa devarṣi niṣevitāṃ śubhāṃ prapadyate brahma tatheti 
cākṣayam ||80|| 
Method of preparation 
Haritaki, Amalaki, Bibhitaka,  
Haridra (turmeric – Curcuma longa),  
Sthira (Desmodium gangeticum),  
Bala (Country mallow (root) – Sida cordifolia),  
Vidanga (Embelia ribes),  
Amrutavalli,  
Vishvabhesaja – ginger 
Madhuka (Licorice – Glycyrrhiza glabra),  
Pippali (Long pepper fruit – Piper longum),  
Somavalka- these drugs should be cooked with ghee extracted from 
milk and added with honey and sugar.",treatments
51,fatigue,"Ayushya – It promotes life 
Arogyakara – Maintains positive health 
Vayasa Sthapanam – anti ageing,  
and cures 
Nidra – morbid sleep,  
Tandra – Drowsiness 
Shrama, Klama – Physical as well as mental fatigue 
Alasya Laziness and 
Dourbalya – weakness 
It maintains proper balance among Vata, Pitta and Kapha; 
Sthairyakara – It produces stability,  
Cures slothness, wasting of muscles 
Agni Sandhukshana – Stimulates digestive fire (enzymes 
responsible for digestion and metabolism) and 
Prabha Varna Swarottamakara – Brings about excellence in luster, 
complexion as well as voice 
Benefits: 
The great sages like Chyavana etc., regained their youth and were 
easyayurveda.com                                                                          45 
 
liked most by women.",symptoms
52,vaman,"It produces all the therapeutic effects mentioned in the preceding 
paragraph and verses [9] 
easyayurveda.com                                                                          54 
 
Amalaki Avaleh – different version: 
यथोक्त गुणानामामलकानां सहस्रमाद्रज पलाश द्रोण्यां सवपिानायां 
बाष्पमनुिमरसयामारण्य गोमयात्ग्नमभरुपस्वेदयेत्, तातन सुत्स्वरन शीतारयुधृत 
कुलकारयापोथ्याढकेन वपप्पली िूणाजनामाढकेन ि ववडङ्ग तण्डुल 
िूणाजनामध्यिेन िाढकेन शकजराया िाभ्यां िाभ्यामाढकाभ्यां तैलस्य मिुनः 
सवपजषि संयोज्य शुिौ दृढे र्ृतभाववते कुम्प्भे स्थापयेदेकववंशतत रात्रम्, अत 
ऊध्वं प्रयोगः; अस्य प्रयोगािषज शतमजरमायुत्स्तष्ठतीतत समानं पूवेण ||१०|| 
(इसयामलकावलेहोऽपरः) | 
yathokta guṇānāmāmalakānāṃ sahasramārdra palāśa droṇyāṃ 
sapidhānāyāṃ bāṣpamanudvamantyāmāraṇya 
gomayāgnibhirupasvedayet, tāni susvinna śītānyuddhṛta 
kulakānyāpothyāḍhakena pippalī cūrṇānāmāḍhakena ca viḍaṅga 
taṇḍula cūrṇānāmadhyardhena cāḍhakena śarkarāyā dvābhyāṃ 
dvābhyāmāḍhakābhyāṃ tailasya madhunaḥ sarpiṣaśca saṃyojya 
śucau dṛḍhe ghṛtabhāvite kumbhe sthāpayedekaviṃśati rātram, ata 
ūrdhvaṃ prayogaḥ; asya prayogādvarṣa śatamajaramāyustiṣṭhatīti 
samānaṃ pūrveṇa ||10|| (ityāmalakāvaleho’paraḥ) | 
Procedure and ingredients: 
1000 fruits of Amalaki having the attributes described earlier (in 
paragraph 4) is kept inside a drum prepared of a green Palasha – 
Butea monosperma tree.",treatments
53,constipation,"It cures diseases of Kapha and Vibandha (constipation) 
instantaneously 
Bhallataka promotes Medha (intellect) and Agni (power of digestion 
and metabolism).",symptoms
54,meditation,"easyayurveda.com                                                                          67 
 
Benefits of taking these recipes: 
They were able to pursue their religious studies, Tapas (Penance), 
Brahmacharya (celibacy), spiritual knowledge and meditation and 
also attained heaven.",treatments
55,triphala,"It deals with anti aging recipes using 
Amla, Triphala, Long pepper and Shilajeet.",ingredients
56,ashwagandha,"Rajakshavaka – Euphorbia microphylla,  
easyayurveda.com                                                                          72 
 
Ashwagandha – Winter Cherry / Indian ginseng (root) – Withania 
somnifera,  
Kakoli – Fritillaria roylei,  
Ksheerakakoli – Roscoea purpurea / Lilium polyphyllum,  
Vatyayani – Country mallow  (root) – Sida cordifolia,  
Bhadraudani (Sida cordifolia Linn.",ingredients
57,pain,"• Longevity 
• nourishment 
• Dhana (wealth) 
• Svara (voice) 
Varna (complexion) and one cannot be victimized by Krutya (black 
magic), Alakshmi (inauspiciousness), Visha (poison) and Ruk (pain).",symptoms
58,yastimadhu,"Powder of Yastimadhu mixed with milk 
3.",ingredients
59,guduchi,"Juice of Guduchi along with its root and flower 
4.",ingredients
60,bronchitis,"easyayurveda.com                                                                          85 
 
Cures the following diseases: 
• Kasa – bronchitis 
• Ksaya – pthisis 
• Sosa – consumption 
• Shvasa – asthma 
• Hikka – Hiccup 
• Galamaya – diseases on Neck 
• Arshas – piles 
• Grahani Dosha – Sprue syndrome 
• Pandu – Anemia 
• Vishama Jvara – intermittent fever 
• Vaisvarya – hoarseness of voice 
• Pinasa – chronic rhinitis 
• Sopha – edema 
• Gulma – Phantom tumor and 
• Vata Balasaka – a type of fever [32-35] 
Read more about Pippali Rasayan 
Pippali Vardhamana Rasayan: 
क्रमवृद्द्ध्या दशाहातन दशपैप्पमलकं हदनम्| 
विजयेत् पयसा सािं तथैवापनयेत् पुनः||३६|| 
जीणे जीणे ि भुचजीत षवटकं क्षीरसवपजषा| 
वपप्पलीनां सहस्रस्य प्रयोगोऽयं रसायनम्||३७|| 
वपटास्ता बमलमभः सेव्याः, शृता मध्यबलैनजरैः| 
िूणीकृता ह्रस्वबलैयोज्या दोषामयान् प्रतत||३८|| 
दशपैप्पमलकः िेष्ठो मध्यमः षट् प्रकीततजतः| 
प्रयोगो यत्िपयजरतः स कनीयान् स िाबलैः||३९|| 
बृहणं स्वयजमायुष्यं प्लीहोदरववनाशनम्| 
easyayurveda.com                                                                          86 
 
वयसः स्थापनं मेध्यं वपप्पलीनां रसायनम्||४०|| 
 (इतत वपप्पलीविजमानं रसायनम्)| 
kramavṛddhyā daśāhāni daśapaippalikaṃ dinam| 
vardhayet payasā sārdhaṃ tathaivāpanayet punaḥ||36|| 
jīrṇe jīrṇe ca bhuñjīta ṣaṣṭikaṃ kṣīrasarpiṣā| 
pippalīnāṃ sahasrasya prayogo’yaṃ rasāyanam||37|| 
piṣṭāstā balibhiḥ sevyāḥ, śṛtā madhyabalairnaraiḥ| 
cūrṇīkṛtā hrasvabalairyojyā doṣāmayān prati||38|| 
daśapaippalikaḥ śreṣṭho madhyamaḥ ṣaṭ prakīrtitaḥ| 
prayogo yastriparyantaḥ sa kanīyān sa cābalaiḥ||39|| 
bṛhaṇaṃ svaryamāyuṣyaṃ plīhodaravināśanam| 
vayasaḥ sthāpanaṃ medhyaṃ pippalīnāṃ rasāyanam||40|| 
 (iti pippalīvardhamānaṃ rasāyanam)| 
Vardhaman Pippali Rasayan: 
• Pippali – Long pepper fruit – Piper longum is taken along with 
milk by gradually increasing the fruits of Pippali’s to 10 per day.",diseases
61,guggulu,"Duration: 
• 7 weeks – excellent effect 
• 3 weeks – moderate effect and 
• 1 week – very little effect 
Classification: Depending upon the dose of the recipe 
• 1 Pala (48 g) – highest potency 
• 1/2 Pala (24g) – Moderate potency 
• 1 Karsha (12 g) – lowest potency [51-55] 
easyayurveda.com                                                                          93 
 
Varieties and their utility: 
जातेववजशेषं सववचिं तस्य वक्ष्याम्प्यतः परम्||५५|| 
हेमाद्याः सूयजसरतप्ताः स्रवत्रत चगररिातवः| 
जसवाभं मृदु मृसस्नार्च्छं यरमलं तत्र्च्छलाजतु||५६|| 
मिुरि सततक्ति जपापुष्पतनभि यः| 
कटुववजपाके शीति स सुवणजस्य तनस्रवः||५७|| 
रूप्यस्य कटुकः श्वेतः शीतः स्वादु ववपर्च्यते| 
ताम्रस्य बहहजकण्ठाभत्स्तक्तोष्णः पर्च्यते कटु||५८|| 
यस्तु गुग्गुलुकाभासत्स्तक्तको लवणात्रवतः| 
कटुववजपाके शीति सवजिेष्ठः स िायसः||५९|| 
गोमूत्रगरियः सवे सवजकमजसु यौचगकाः| 
रसायनप्रयोगेषु पत्िमस्तु ववमशष्यते||६०|| 
यथाक्रमं वातवपत्ते श्लेष्मवपत्ते कफे त्रत्रषु| 
ववशेषतः प्रशस्यरते मला हेमाहदिातुजाः||६१|| 
jāterviśeṣaṃ savidhiṃ tasya vakṣyāmyataḥ param||55|| 
hemādyāḥ sūryasantaptāḥ sravanti giridhātavaḥ| 
jatvābhaṃ mṛdu mṛtsnācchaṃ yanmalaṃ tacchilājatu||56|| 
madhuraśca satiktaśca japāpuṣpanibhaśca yaḥ| 
kaṭurvipāke śītaśca sa suvarṇasya nisravaḥ||57|| 
rūpyasya kaṭukaḥ śvetaḥ śītaḥ svādu vipacyate| 
tāmrasya barhikaṇṭhābhastiktoṣṇaḥ pacyate kaṭu||58|| 
yastu guggulukābhāsastiktako lavaṇānvitaḥ| 
kaṭurvipāke śītaśca sarvaśreṣṭhaḥ sa cāyasaḥ||59|| 
gomūtragandhayaḥ sarve sarvakarmasu yaugikāḥ| 
rasāyanaprayogeṣu paścimastu viśiṣyate||60|| 
yathākramaṃ vātapitte śleṣmapitte kaphe triṣu| 
viśeṣataḥ praśasyante malā hemādidhātujāḥ||61|| 
easyayurveda.com                                                                          94 
 
Hereafter, varieties of Shilajit and the method of their use will be 
described.",medical_plants
62,burning sensation,"In diseases caused by 
• Vayu- Pitta – gold 
• Kapha- Pitta – silver 
• Kapha – copper and 
• all the three Dosas – iron containing stones are useful 
Prohibitions and Therapeutic effect: 
मशलाजतुप्रयोगेषु ववदाहीतन गुरूर्ण ि| 
वजजयेत् सवजकालं तु कुलसथान् पररवजजयेत्||६२|| 
ते ह्यसयरतववरुधसवादश्मनो भेदनाः परम्| 
लोके दृटास्ततस्तेषां प्रयोगः प्रततवषध्यते||६३|| 
पयांमस तक्रार्ण रसाः सयूषास्तोयं समूत्रा वववविाः कषायाः| 
आलोडनाथं चगररजस्य शस्तास्ते ते प्रयोज्याः प्रसमीक्ष्य कायजम्||६४|| 
न सोऽत्स्त रोगो भुवव साध्यरूपः मशलाह्वयं यं न जयेत् प्रसह्य| 
तत् कालयोगैववजचिमभः प्रयुक्तं स्वस्थस्य िोजां ववपुलां ददातत||६५|| 
 (इतत मशलाजतुरसायनम्)| 
śilājatuprayogeṣu vidāhīni gurūṇi ca| 
varjayet sarvakālaṃ tu kulatthān parivarjayet||62|| 
te hyatyantaviruddhatvādaśmano bhedanāḥ param| 
loke dṛṣṭāstatasteṣāṃ prayogaḥ pratiṣidhyate||63|| 
payāṃsi takrāṇi rasāḥ sayūṣāstoyaṃ samūtrā vividhāḥ kaṣāyāḥ| 
āloḍanārthaṃ girijasya śastāste te prayojyāḥ prasamīkṣya 
kāryam||64|| 
na so’sti rogo bhuvi sādhyarūpaḥ śilāhvayaṃ yaṃ na jayet 
prasahya| 
tat kālayogairvidhibhiḥ prayuktaṃ svasthasya corjāṃ vipulāṃ 
easyayurveda.com                                                                          96 
 
dadāti||65|| 
 (iti śilājaturasāyanam)| 
Contra indicated foods while taking recipe of Silajatu,  
• Vidahi foods (causing burning sensation) and Guru (heavy).",symptoms
63,anxiety,"In her presence, the person does not get seriously afflicted even 
when he faces grief, anxiety, detachment and frightful 
situations.",diseases
64,kapikacchu,"To this, paste of 
Madhuka – Licorice – Glycyrrhiza glabra,  
Draksha – Raisins – Vitis vinifera 
Phalgu – Ficus hispida 
Pippali – Long pepper fruit – Piper longum 
Atma Gupta – Kapikacchu – Mucuna pruriens 
Kharjura – Dates – Phoenix dactylifera 
Shatavari– Asparagus racemosus 
Vidari – Pueraria tuberosa 
Amalaki – Indian gooseberry fruit – Emblica officinalis Gaertn and 
The juice of Ikshu (sugarcane) should be added to this.",medical_plants
65,coriander,"This recipe is then added with small quantity of 
Salt 
Dhanyaka – Coriander seed 
Jiraka – Cumin – Cuminum cyminum and 
Nagara – Ginger Rhizome 
Benefits: This is an excellent recipe for the 
Promotion of virility 
Balya – promotes strength and immunity 
Bruhmana – Nourishing [42-43] 
Vrushya Rasa: 
िटकांत्स्तवत्तरररसे ततवत्तरीन् कौसकुटे रसे| 
कुसकुटान् बाहहजणरसे हांसे बाहहजणमेव ि||४४|| 
नवसवपजवष सरतप्तान् फलाम्प्लान् कारयेद्रसान्| 
मिुरान् वा यथासासम्प्यं गरिाढ्यान् बलविजनान्||४५|| 
 (इसयरये वृष्यरसाः)| 
caṭakāṃstittirirase tittirīn kaukkuṭe rase| 
kukkuṭān bārhiṇarase hāṃse bārhiṇameva ca||44|| 
navasarpiṣi santaptān phalāmlān kārayedrasān| 
madhurān vā yathāsātmyaṃ gandhāḍhyān balavardhanān||45|| 
 (ityanye vṛṣyarasāḥ)| 
Vrushya Rasa: 
In the freshly collected ghee, the following ingredients should be 
added: 
easyayurveda.com                                                                          144 
 
Chataka (sparrow) along with the soup of the meat of Tittiri 
(Female partridge) 
Tittiri (female partridge) along with the soup of meat of Kukkuta 
(sparrow) 
Kukkuta along with the soup of meat of Barhina (peacock) 
Barhi (peacock) along with the soup of meat of Hamsa (swan) 
After these are boiled, the juice of sweet or sour fruits is added and 
depending upon the liking of the person, fragrant ingredients is also 
added.",ingredients
66,arjuna,"[1-2] 
Cow milk Aprhodosiac recipe: 
माषपणजभृतां िेनुं गृवटं पुटां ितुःस्तनीम् | 
समानवणजवससां ि जीविससां ि बुवधमान् ||३|| 
रोहहणीमथवा कृष्णामूध्वजशृङ्गीमदारुणाम् | 
इक्ष्वादामजुजनादां वा सारद्रक्षीरां ि िारयेत् ||४|| 
केवलं तु पयस्तस्याः शृतं वाऽशृतमेव वा | 
शकजराक्षौद्रसवपजमभजयुजक्तं तिृष्यमुत्तमम् ||५|| 
māṣaparṇabhṛtāṃ dhenuṃ gṛṣṭiṃ puṣṭāṃ catuḥstanīm | 
samānavarṇavatsāṃ ca jīvadvatsāṃ ca buddhimān ||3|| 
easyayurveda.com                                                                          162 
 
rohiṇīmathavā kṛṣṇāmūrdhvaśṛṅgīmadāruṇām | 
ikṣvādāmarjunādāṃ vā sāndrakṣīrāṃ ca dhārayet ||4|| 
kevalaṃ tu payastasyāḥ śṛtaṃ vā’śṛtameva vā | 
śarkarākṣaudrasarpirbhiryuktaṃ tadvṛṣyamuttamam ||5|| 
 
Cow milk recipe for sexual strength: 
Milk should be collected from a cow who is fed with the 
Leaves of Masha – Black gram 
Stalks of sugarcane or Leaves of Arjuna (terminalia arjuna) 
The cow should be delivered only once,  
Is well-nourished 
Has 4 nipples in her udder 
Has a calf having identical color 
Whose calf is alive 
Who is red or black in color 
Whose horns are projected upwards 
Who is not ferocious and 
Whose milk is thick.",ingredients
67,gokshura,"[6-7] 
Sex power improving Ayurvedic recipe: 
मेदां पयस्यां जीवरतीं ववदारीं कण्टकाररकाम्| 
श्वदंष्ट्रां क्षीररकां माषान् गोिूमाचछामलषवटकान्||८|| 
पयस्यिोदके पससवा कावषजकानाढकोत्रमते| 
वववजजयेत् पयःशेषं तत् पूतं क्षौद्रसवपजषा||९|| 
युक्तं सशकजरं पीसवा वृधः सप्तततकोऽवप वा| 
ववपुलं लभतेऽपसयं युवेव ि स हृष्यतत||१०|| 
medāṃ payasyāṃ jīvantīṃ vidārīṃ kaṇṭakārikām| 
śvadaṃṣṭrāṃ kṣīrikāṃ māṣān godhūmāñchāliṣaṣṭikān||8|| 
payasyardhodake paktvā kārṣikānāḍhakonmite| 
vivarjayet payaḥśeṣaṃ tat pūtaṃ kṣaudrasarpiṣā||9|| 
yuktaṃ saśarkaraṃ pītvā vṛddhaḥ saptatiko’pi vā| 
vipulaṃ labhate’patyaṃ yuveva ca sa hṛṣyati||10|| 
Sex power improving Ayurvedic recipe: 
1 Karsha – 12 g of 
easyayurveda.com                                                                          167 
 
Meda – Polygonatum cirrhifolium 
Payasya – Impomoea paniculata 
Jivanti – Leptadenia reticulata 
Vidari (Ipomoea paniculata / Pueraria tuberosa) 
Kantakarika – Solanum xanthocarpum 
Svadamshtra – Gokshura – Tribulus terrestris 
Ksheerika 
Masha – Black gram 
Godhuma – wheat – Triticum sativum,  
Shali Shastika – Rice – are boiled in 
1 Adhaka – 3.072 liter of milk and 
1/2 Adhaka – 1.536 liter of water.",ingredients
68,abhyanga,"[19] 
Factors contributing to improved sex vigor:  
र्ृत क्षीराशनो तनभीतनजव्याजचितनजसयगो युवा| 
सङ्कल्प प्रवणो तनसयं नरः िीषु वृषायते||२०|| 
कृतैक कृसयाः मसधाथाज ये िारयोऽरयानुवततजनः| 
कलासु कुशलास्तुल्याः सत्त्वेन वयसा ि ये||२१|| 
कुलमाहासम्प्यदाक्षक्षण्य शील शौि समत्रवताः| 
ये काम तनसया ये हृटा ये ववशोका गत व्यथाः||२२|| 
ये तुल्य शीला ये भक्ता ये वप्रया ये वप्रयंवदाः| 
तैनजरः सह ववस्रब्िः सुवयस्यैवृजषायते||२३|| 
easyayurveda.com                                                                          173 
 
अभ्यङ्गोससादन स्नान गरिमाल्यववभूषणैः| 
गृहशय्यासनसुखैवाजसोमभरहतैः वप्रयैः||२४|| 
ववहङ्गानां रुतैररटैः िीणां िाभरणस्वनैः| 
संवाहनैवजरिीणाममटानां ि वृषायते||२५|| 
ghṛta kṣīrāśano nirbhīrnirvyādhirnityago yuvā| 
saṅkalpa pravaṇo nityaṃ naraḥ strīṣu vṛṣāyate||20|| 
kṛtaika kṛtyāḥ siddhārthā ye cānyo’nyānuvartinaḥ| 
kalāsu kuśalāstulyāḥ sattvena vayasā ca ye||21|| 
kulamāhātmyadākṣiṇya śīla śauca samanvitāḥ| 
ye kāma nityā ye hṛṣṭā ye viśokā gata vyathāḥ||22|| 
ye tulya śīlā ye bhaktā ye priyā ye priyaṃvadāḥ| 
tairnaraḥ saha visrabdhaḥ suvayasyairvṛṣāyate||23|| 
Factors contributing to improved sex vigor: 
A person gets sex vigor with women by the doing the following: 
Ghrita Ksheerashana – who takes ghee and milk 
Is free from fear complexion and diseases 
who indulges in sex every day 
who is youthful and 
Sankalpa – who has determination 
Ideal partner:  
who has friends with similar profession,  
who are accomplished in their objectives 
Anuvarti – who are attached to each other 
easyayurveda.com                                                                          174 
 
Kalasu Kushala – who are skillful in arts 
Satvena Vayasa – who are similar in mind and age 
who have noble lineage, expertise, good conduct and purity 
who regularly indulge in sex acts 
who are excited 
who are free from grief and pain 
who have similar conduct 
Who have lovable and pleasant disposition as well as speech 
friendship with such good companions 
Factors that sexually excite a man:  
अभ्यङ्गोससादन स्नान गरिमाल्यववभूषणैः| 
गृहशय्यासनसुखैवाजसोमभरहतैः वप्रयैः||२४|| 
ववहङ्गानां रुतैररटैः िीणां िाभरणस्वनैः| 
संवाहनैवजरिीणाममटानां ि वृषायते||२५|| 
abhyaṅgotsādana snāna gandhamālyavibhūṣaṇaiḥ| 
gṛhaśayyāsanasukhairvāsobhirahataiḥ priyaiḥ||24|| 
vihaṅgānāṃ rutairiṣṭaiḥ strīṇāṃ cābharaṇasvanaiḥ| 
saṃvāhanairvarastrīṇāmiṣṭānāṃ ca vṛṣāyate||25|| 
Factors that sexually excite a man:  
A man gets sexually excited by 
Abhyanga – massage,  
Utsadana – unction, dry massage, without any oil 
Snana – bath 
Gandha Mala Vibhushana – use of scents, garlands and ornaments,  
easyayurveda.com                                                                          175 
 
Gruha Shayya Asana Sukha – comfortable home, bed and seat,  
happiness, wearing of cloths which are not worn out and to the 
liking of the person,  
pleasing sound of the birds,  
sounds of the ornaments of women an Samvahana (Kneading) by 
beautiful woman.",treatments
69,basti,"Basti Panchakarma treatment to improve sex power and fertility: 
सुखोपभोगान् बमलनां भूयि बल विजनान्||८|| 
पूवं शुध शरीराणां तनरूहैः सानुवासनैः| 
बलापेक्षी प्रयुचजीत शुक्रापसय ववविजनान्||९|| 
र्ृत तैल रस क्षीर शकजरा मिु संयुताः | 
बस्तयः संवविातव्याः क्षीर मांस रसामशनाम्||१०|| 
sukhopabhogān balināṃ bhūyaśca bala vardhanān||8|| 
pūrvaṃ śuddha śarīrāṇāṃ nirūhaiḥ sānuvāsanaiḥ| 
balāpekṣī prayuñjīta śukrāpatya vivardhanān||9|| 
ghṛta taila rasa kṣīra śarkarā madhu saṃyutāḥ | 
bastayaḥ saṃvidhātavyāḥ kṣīra māṃsa rasāśinām||10|| 
First of all, the physical system of the person is corrected by the 
administration of 
Niruha type of Basti – decoction enema along with honey, rock salt 
etc.",treatments
70,headache,"If you have sex when hungry, it may cause Vata and 
Pitta related issues like dizziness, headache, bloating, gastritis etc.",symptoms
71,dizziness,"If you have sex when hungry, it may cause Vata and 
Pitta related issues like dizziness, headache, bloating, gastritis etc.",symptoms
72,gastritis,"If you have sex when hungry, it may cause Vata and 
Pitta related issues like dizziness, headache, bloating, gastritis etc.",diseases
73,virechana,"[18] 
Causes of aggravation of vata: 
रूक्ष लर्ु शीत वमन ववरेिनास्थापन मशरोववरेिनाततयोग व्यायाम 
वेगसरिारणानशनामभर्ात- व्यवायोिेग शोक शोर्णताततषेकजागरण ववषम 
easyayurveda.com                                                                          212 
 
शरीररयासेभ्योऽततसेववतेभ्यो वायुः प्रकोपमापद्यते||१९|| 
rūkṣa laghu śīta vamana virecanāsthāpana śirovirecanātiyoga 
vyāyāma vegasandhāraṇānaśanābhighāta- vyavāyodvega śoka 
śoṇitātiṣekajāgaraṇa viṣama śarīranyāsebhyo’tisevitebhyo vāyuḥ 
prakopamāpadyate||19|| 
Vata gets aggravated by the 
Ruksha aahara – over indulgence and the intake of ununctuous 
Laghu shita aahara – light and cold things 
Ati vamana – over administration of emesis 
Ati virechana – purgation 
Asthapana type of enema 
Ati shiro virechana – errhines 
Vyayama – physical exercise 
Vega sandharana – suppression of the natural urges 
Anashana – fasting 
Abhighata – assault 
Vyavaya – sexual indulgence 
Udvega – anxiety 
Shoka – grief 
Shonita atisheka – bloodletting in excess 
Jagarana -vigil during the night and 
Vishama sharira – by maintaining irregular posture.",treatments
74,numbness,"Excessive retention of urine and stool 
Occurrence of different types of fixed or shifting pain in various 
organs of the body, for example, pādayoḥ suptatā -numbness in 
feet and piṇḍikayorudveṣṭanaṃ – cramps in calf 
Jānunoḥ kevalānāṃ ca sandhīnāṃ viśleṣaṇam – feeling of 
looseness in knee joints as also in other joints 
Urvoḥ sādaḥ – inactivity of thigh 
kaṭī pārśva pṛṣṭha skandha bāhvaṃsorasāṃ ca bhagna 
rugṇamṛditamathitacaṭitāvapāṭitāvanunnatvamiva – Breaking, 
easyayurveda.com                                                                          215 
 
brushing, grinding, churning, cracking, bursting and twisting pain in 
waist, side, back, shoulder, arms, scapular region and chest 
hanvoścāprasiddhiḥ – Stiffness of jaws 
svanaśca karṇayoḥ – Noise in the ears 
śaṅkhayornistodaḥ – Pain in temples 
kaṣāyāsyatā āsyavairasyaṃ vā – Astringent taste in the mouth or 
dyspepsia 
mukha tālu kaṇṭha śoṣaḥ – Dryness of mouth, palate and throat 
pipāsā -Thirst 
hṛdayagrahaḥ – Impairment of the functions of heat 
śuṣkacchardiḥ – Dry vomiting 
śuṣkakāsaḥ – Dry cough 
kṣavathūdgāravinigrahaḥ – Suppression of sneezing and eructation 
annarasakhedaḥ – Aversion to the taste of food 
prasekārocakāvipākāḥ – Salivation, anorexia and indigestion 
viṣāda jṛmbhā vināma vepathu śrama bhrama pralāpa prajāgara 
romaharṣa dantaharṣāḥ – Depression, yawning, flexion of the body, 
trembling, exhaustion, giddiness, delirium, sleeplessness, 
horripilation, setting at edge of teeth 
uṣṇābhiprāyatā – Liking for hot things 
nidānoktānāmanupaśayo viparītopaśayaśceti – Aggravation of the 
condition by the administration of such things as are described to 
be its etiological factors and 
Alleviation of the condition by the administration of such things as 
is of opposite qualities to its etiological factors.",symptoms
75,dryness,"Excessive retention of urine and stool 
Occurrence of different types of fixed or shifting pain in various 
organs of the body, for example, pādayoḥ suptatā -numbness in 
feet and piṇḍikayorudveṣṭanaṃ – cramps in calf 
Jānunoḥ kevalānāṃ ca sandhīnāṃ viśleṣaṇam – feeling of 
looseness in knee joints as also in other joints 
Urvoḥ sādaḥ – inactivity of thigh 
kaṭī pārśva pṛṣṭha skandha bāhvaṃsorasāṃ ca bhagna 
rugṇamṛditamathitacaṭitāvapāṭitāvanunnatvamiva – Breaking, 
easyayurveda.com                                                                          215 
 
brushing, grinding, churning, cracking, bursting and twisting pain in 
waist, side, back, shoulder, arms, scapular region and chest 
hanvoścāprasiddhiḥ – Stiffness of jaws 
svanaśca karṇayoḥ – Noise in the ears 
śaṅkhayornistodaḥ – Pain in temples 
kaṣāyāsyatā āsyavairasyaṃ vā – Astringent taste in the mouth or 
dyspepsia 
mukha tālu kaṇṭha śoṣaḥ – Dryness of mouth, palate and throat 
pipāsā -Thirst 
hṛdayagrahaḥ – Impairment of the functions of heat 
śuṣkacchardiḥ – Dry vomiting 
śuṣkakāsaḥ – Dry cough 
kṣavathūdgāravinigrahaḥ – Suppression of sneezing and eructation 
annarasakhedaḥ – Aversion to the taste of food 
prasekārocakāvipākāḥ – Salivation, anorexia and indigestion 
viṣāda jṛmbhā vināma vepathu śrama bhrama pralāpa prajāgara 
romaharṣa dantaharṣāḥ – Depression, yawning, flexion of the body, 
trembling, exhaustion, giddiness, delirium, sleeplessness, 
horripilation, setting at edge of teeth 
uṣṇābhiprāyatā – Liking for hot things 
nidānoktānāmanupaśayo viparītopaśayaśceti – Aggravation of the 
condition by the administration of such things as are described to 
be its etiological factors and 
Alleviation of the condition by the administration of such things as 
is of opposite qualities to its etiological factors.",symptoms
76,dyspepsia,"Excessive retention of urine and stool 
Occurrence of different types of fixed or shifting pain in various 
organs of the body, for example, pādayoḥ suptatā -numbness in 
feet and piṇḍikayorudveṣṭanaṃ – cramps in calf 
Jānunoḥ kevalānāṃ ca sandhīnāṃ viśleṣaṇam – feeling of 
looseness in knee joints as also in other joints 
Urvoḥ sādaḥ – inactivity of thigh 
kaṭī pārśva pṛṣṭha skandha bāhvaṃsorasāṃ ca bhagna 
rugṇamṛditamathitacaṭitāvapāṭitāvanunnatvamiva – Breaking, 
easyayurveda.com                                                                          215 
 
brushing, grinding, churning, cracking, bursting and twisting pain in 
waist, side, back, shoulder, arms, scapular region and chest 
hanvoścāprasiddhiḥ – Stiffness of jaws 
svanaśca karṇayoḥ – Noise in the ears 
śaṅkhayornistodaḥ – Pain in temples 
kaṣāyāsyatā āsyavairasyaṃ vā – Astringent taste in the mouth or 
dyspepsia 
mukha tālu kaṇṭha śoṣaḥ – Dryness of mouth, palate and throat 
pipāsā -Thirst 
hṛdayagrahaḥ – Impairment of the functions of heat 
śuṣkacchardiḥ – Dry vomiting 
śuṣkakāsaḥ – Dry cough 
kṣavathūdgāravinigrahaḥ – Suppression of sneezing and eructation 
annarasakhedaḥ – Aversion to the taste of food 
prasekārocakāvipākāḥ – Salivation, anorexia and indigestion 
viṣāda jṛmbhā vināma vepathu śrama bhrama pralāpa prajāgara 
romaharṣa dantaharṣāḥ – Depression, yawning, flexion of the body, 
trembling, exhaustion, giddiness, delirium, sleeplessness, 
horripilation, setting at edge of teeth 
uṣṇābhiprāyatā – Liking for hot things 
nidānoktānāmanupaśayo viparītopaśayaśceti – Aggravation of the 
condition by the administration of such things as are described to 
be its etiological factors and 
Alleviation of the condition by the administration of such things as 
is of opposite qualities to its etiological factors.",diseases
77,depression,"Excessive retention of urine and stool 
Occurrence of different types of fixed or shifting pain in various 
organs of the body, for example, pādayoḥ suptatā -numbness in 
feet and piṇḍikayorudveṣṭanaṃ – cramps in calf 
Jānunoḥ kevalānāṃ ca sandhīnāṃ viśleṣaṇam – feeling of 
looseness in knee joints as also in other joints 
Urvoḥ sādaḥ – inactivity of thigh 
kaṭī pārśva pṛṣṭha skandha bāhvaṃsorasāṃ ca bhagna 
rugṇamṛditamathitacaṭitāvapāṭitāvanunnatvamiva – Breaking, 
easyayurveda.com                                                                          215 
 
brushing, grinding, churning, cracking, bursting and twisting pain in 
waist, side, back, shoulder, arms, scapular region and chest 
hanvoścāprasiddhiḥ – Stiffness of jaws 
svanaśca karṇayoḥ – Noise in the ears 
śaṅkhayornistodaḥ – Pain in temples 
kaṣāyāsyatā āsyavairasyaṃ vā – Astringent taste in the mouth or 
dyspepsia 
mukha tālu kaṇṭha śoṣaḥ – Dryness of mouth, palate and throat 
pipāsā -Thirst 
hṛdayagrahaḥ – Impairment of the functions of heat 
śuṣkacchardiḥ – Dry vomiting 
śuṣkakāsaḥ – Dry cough 
kṣavathūdgāravinigrahaḥ – Suppression of sneezing and eructation 
annarasakhedaḥ – Aversion to the taste of food 
prasekārocakāvipākāḥ – Salivation, anorexia and indigestion 
viṣāda jṛmbhā vināma vepathu śrama bhrama pralāpa prajāgara 
romaharṣa dantaharṣāḥ – Depression, yawning, flexion of the body, 
trembling, exhaustion, giddiness, delirium, sleeplessness, 
horripilation, setting at edge of teeth 
uṣṇābhiprāyatā – Liking for hot things 
nidānoktānāmanupaśayo viparītopaśayaśceti – Aggravation of the 
condition by the administration of such things as are described to 
be its etiological factors and 
Alleviation of the condition by the administration of such things as 
is of opposite qualities to its etiological factors.",diseases
78,loss of appetite,"Guru gātratvam – Heaviness of the body 
Anannābhilāṣaḥ – loss of appetite 
śleṣma prasekaḥ – salivation 
Mukha mādhuryaṃ – sweet taste in the mouth 
Hṛllāsaḥ – nausea 
Hṛdayopalepaḥ – bradycardia 
Stimitatvaṃ – timidness and 
Chardiḥ – vomiting 
Mṛdvagnitā – Reduced power of digestion 
Nidrādhikyaṃ – excessive sleep 
Stambhaḥ – stiffness 
Tandra – drowsiness 
Kāsaḥ – cough 
Svasah – dysponea and 
Pratishyaya – coryza 
Shaitya – Feeling of cold 
śvaityaṃ ca nakha nayana vadana mūtra purīṣatvacām – White 
color of nails, eyes, face, urine, stool and skin 
atyarthaṃ ca śīta piḍakā bhṛśamaṅgebhya uttiṣṭhanti – Frequent 
appearance of large number of cold pimples in the body.",symptoms
79,tremors,"[32] 
Jwara Poorva Roopa –  
तस्येमातन पूवजरूपार्ण भवत्रत; तद्यथा- मुखवैरस्यं, गुरुगात्रसवम्, 
अनरनामभलाषः, िक्षुषोराकुलसवम्, अश्र्वागमनं, तनद्राचिसयम्, अरततः, जृम्प्भा, 
ववनामः, वेपथुः, िम भ्रम प्रलाप जागरणरोमहषज दरतहषाजः, शब्द शीत वातातप 
सहसवासहसवम्, अरोिकाववपाकौ, दौबजल्यम्, अङ्गमदजः, सदनम्, अल्पप्राणता, 
दीर्जसूत्रता, आलस्यम्, उचितस्य कमजणो हातनः, प्रतीपता स्वकायेषु, गुरूणां 
वासयेष्वभ्यसूया, बालेभ्यः प्रिेषः, स्विमेष्वचिरता, माल्यानुलेपनभोजन 
पररसलेशनं, मिुरेभ्यि भक्षेभ्यः प्रिेषः, अम्प्ल लवण कटुक वप्रयता ि, इतत 
ज्वरस्य पूवजरूपार्ण भवत्रत प्राससरतापात्; अवप िैनं 
सरतापातजमनुबध्नत्रत||३३|| 
easyayurveda.com                                                                          225 
 
tasyemāni pūrvarūpāṇi bhavanti; tadyathā- mukhavairasyaṃ, 
gurugātratvam, anannābhilāṣaḥ, cakṣuṣorākulatvam, 
aśrvāgamanaṃ, nidrādhikyam, aratiḥ, jṛmbhā, vināmaḥ, vepathuḥ, 
śrama bhrama pralāpa jāgaraṇaromaharṣa dantaharṣāḥ, śabda śīta 
vātātapa sahatvāsahatvam, arocakāvipākau, daurbalyam, 
aṅgamardaḥ, sadanam, alpaprāṇatā, dīrghasūtratā, ālasyam, 
ucitasya karmaṇo hāniḥ, pratīpatā svakāryeṣu, gurūṇāṃ 
vākyeṣvabhyasūyā, bālebhyaḥ pradveṣaḥ, svadharmeṣvacintā, 
mālyānulepanabhojana parikleśanaṃ, madhurebhyaśca 
bhakṣebhyaḥ pradveṣaḥ, amla lavaṇa kaṭuka priyatā ca, iti jvarasya 
pūrvarūpāṇi bhavanti prāksantāpāt; api cainaṃ 
santāpārtamanubadhnanti||33|| 
Premonitory symptoms of fever: 
The premonitory symptoms of Jvara (fever) are 
Mukha vairasyam – dyspepsia 
Guru gatratvam – heaviness in body 
Anannābhilāṣaḥ – loss of appetite 
Cakṣuṣorākulatvam – congestion in the eyes 
Aśrvāgamanaṃ – Lacrimation 
Nidrādhikyam – excessive sleep 
Aratiḥ – disliking for work 
Jrmbha – yawning 
Vināmaḥ – flexion 
Vepathuḥ – tremors 
Shrama – exhaustion 
Bhrama – giddiness 
Pralapa – delirium 
Jagarana – sleeplessness 
Roma harsha – horripilation 
Dantaharṣāḥ – setting on edge of teeth 
Sabda śīta vātātapa sahatvāsahatvam – wavering liking and 
disliking of sound, cold, wind and sun; 
easyayurveda.com                                                                          226 
 
Arochaka – anorexia 
Vipaka – indigestion 
Daurbalya – weakness 
Anga marda – malaise 
Sadanam – lassitude 
Alpa pranata – low-vitality 
Dīrghasūtratā – dilatory tendency 
Ālasyam – laziness 
Ucitasya karmaṇo hāniḥ – loss of regular functions 
Pratīpatā svakāryeṣu – aversion to work 
Gurūṇāṃ vākyeṣvabhyasūyā – disregard for instructions of 
preceptors (superiors) 
Mālyānulepanabhojana parikleśanaṃ – disliking for the use of 
garland, ointment and food 
Madhurebhyaśca bhakṣebhyaḥ pradveṣaḥ – aversion to sweet food, 
liking four sour, saline and pungent food.",symptoms
80,lepana,"[32] 
Jwara Poorva Roopa –  
तस्येमातन पूवजरूपार्ण भवत्रत; तद्यथा- मुखवैरस्यं, गुरुगात्रसवम्, 
अनरनामभलाषः, िक्षुषोराकुलसवम्, अश्र्वागमनं, तनद्राचिसयम्, अरततः, जृम्प्भा, 
ववनामः, वेपथुः, िम भ्रम प्रलाप जागरणरोमहषज दरतहषाजः, शब्द शीत वातातप 
सहसवासहसवम्, अरोिकाववपाकौ, दौबजल्यम्, अङ्गमदजः, सदनम्, अल्पप्राणता, 
दीर्जसूत्रता, आलस्यम्, उचितस्य कमजणो हातनः, प्रतीपता स्वकायेषु, गुरूणां 
वासयेष्वभ्यसूया, बालेभ्यः प्रिेषः, स्विमेष्वचिरता, माल्यानुलेपनभोजन 
पररसलेशनं, मिुरेभ्यि भक्षेभ्यः प्रिेषः, अम्प्ल लवण कटुक वप्रयता ि, इतत 
ज्वरस्य पूवजरूपार्ण भवत्रत प्राससरतापात्; अवप िैनं 
सरतापातजमनुबध्नत्रत||३३|| 
easyayurveda.com                                                                          225 
 
tasyemāni pūrvarūpāṇi bhavanti; tadyathā- mukhavairasyaṃ, 
gurugātratvam, anannābhilāṣaḥ, cakṣuṣorākulatvam, 
aśrvāgamanaṃ, nidrādhikyam, aratiḥ, jṛmbhā, vināmaḥ, vepathuḥ, 
śrama bhrama pralāpa jāgaraṇaromaharṣa dantaharṣāḥ, śabda śīta 
vātātapa sahatvāsahatvam, arocakāvipākau, daurbalyam, 
aṅgamardaḥ, sadanam, alpaprāṇatā, dīrghasūtratā, ālasyam, 
ucitasya karmaṇo hāniḥ, pratīpatā svakāryeṣu, gurūṇāṃ 
vākyeṣvabhyasūyā, bālebhyaḥ pradveṣaḥ, svadharmeṣvacintā, 
mālyānulepanabhojana parikleśanaṃ, madhurebhyaśca 
bhakṣebhyaḥ pradveṣaḥ, amla lavaṇa kaṭuka priyatā ca, iti jvarasya 
pūrvarūpāṇi bhavanti prāksantāpāt; api cainaṃ 
santāpārtamanubadhnanti||33|| 
Premonitory symptoms of fever: 
The premonitory symptoms of Jvara (fever) are 
Mukha vairasyam – dyspepsia 
Guru gatratvam – heaviness in body 
Anannābhilāṣaḥ – loss of appetite 
Cakṣuṣorākulatvam – congestion in the eyes 
Aśrvāgamanaṃ – Lacrimation 
Nidrādhikyam – excessive sleep 
Aratiḥ – disliking for work 
Jrmbha – yawning 
Vināmaḥ – flexion 
Vepathuḥ – tremors 
Shrama – exhaustion 
Bhrama – giddiness 
Pralapa – delirium 
Jagarana – sleeplessness 
Roma harsha – horripilation 
Dantaharṣāḥ – setting on edge of teeth 
Sabda śīta vātātapa sahatvāsahatvam – wavering liking and 
disliking of sound, cold, wind and sun; 
easyayurveda.com                                                                          226 
 
Arochaka – anorexia 
Vipaka – indigestion 
Daurbalya – weakness 
Anga marda – malaise 
Sadanam – lassitude 
Alpa pranata – low-vitality 
Dīrghasūtratā – dilatory tendency 
Ālasyam – laziness 
Ucitasya karmaṇo hāniḥ – loss of regular functions 
Pratīpatā svakāryeṣu – aversion to work 
Gurūṇāṃ vākyeṣvabhyasūyā – disregard for instructions of 
preceptors (superiors) 
Mālyānulepanabhojana parikleśanaṃ – disliking for the use of 
garland, ointment and food 
Madhurebhyaśca bhakṣebhyaḥ pradveṣaḥ – aversion to sweet food, 
liking four sour, saline and pungent food.",treatments
81,joint pain,"Symptoms are – 
Bhrama – Giddiness 
Pipasa – thirst,  
Dāha – burning sensation,  
Gaurava – heaviness,  
Shiras ati ruk – excessive headache 
Manda Pitta Sannipata Jwara: 
शैसयं कासोऽरुचिस्तरद्रा वपपासा दाहरुग्व्यथाः| 
वात श्लेष्मोल्बणे व्यािौ मलङ्गं वपत्तावरे ववदुः||९२|| 
easyayurveda.com                                                                          271 
 
śaityaṃ kāso’rucistandrā pipāsā dāharugvyathāḥ| 
vāta śleṣmolbaṇe vyādhau liṅgaṃ pittāvare viduḥ||92|| 
Sannipata Jwara in which vitiation of both Vayu and Kapha 
predominates over the vitiation of Pitta: 
Shaityaṃ – Coldness 
Kasa – cough 
Aruchi – anorexia 
Tandra – drowsiness 
Pipasa – thirst 
Daha – burning sensation 
Vyatha – pain 
Manda Vata Sannipata Jwara: 
छहदजः शैसयं मुहु दाजहस्तृष्णा मोहोऽत्स्थवेदना| 
मरदवाते व्यवस्यत्रत मलङ्गं वपत्त कफोल्बणे||९३|| 
chardiḥ śaityaṃ muhu rdāhastṛṣṇā moho’sthivedanā| 
mandavāte vyavasyanti liṅgaṃ pitta kapholbaṇe||93|| 
The signs and symptoms of sannipata Jwara in which the vitiation 
of Pitta and Kapha predominates over the vitiation of Vata: 
Chardi – Emesis 
Shaityam – coldness 
Muhur daha – frequent burning sensation 
Trishna – thirst 
easyayurveda.com                                                                          272 
 
Moha – unconsciousness and 
Asthi vedana– pain in the bones 
Vatolbana Sannipata Jwara – When Vata is dominant than 
Pitta and Kapha:  
सरध्यत्स्थमशरसः शूलं प्रलापो गौरवं भ्रमः| 
वातोल्बणे स्याद्द् द्द्व्यनुगे तृष्णा कण्ठास्य शुष्कता||९४|| 
sandhyasthiśirasaḥ śūlaṃ pralāpo gauravaṃ bhramaḥ| 
vātolbaṇe syād dvyanuge tṛṣṇā kaṇṭhāsya śuṣkatā||94|| 
Sandhishoola – joint pain 
Asthishoola – bone pain 
Shiroshoola – headache 
Pralapa – irrelevant talk 
Gaurava – heaviness 
Bhrama – dizziness, psychosis 
Trushna – Excessive thirst 
Kanthashosha – dry throat 
Asyashosha – dry mouth 
When Pitta dominates other Doshas in Sannipata 
Jwara: Pittolbana Sannipata Jwara: 
रक्त ववण्मूत्रता दाहः स्वेदस्तृ् बलसङ्क्षयः| 
मूर्च्छाज िेतत त्रत्रदोषे स्यात्ल्लङ्गं वपत्ते गरीयमस||९५|| 
easyayurveda.com                                                                          273 
 
rakta viṇmūtratā dāhaḥ svedastṛḍ balasaṅkṣayaḥ| 
mūrcchā ceti tridoṣe syālliṅgaṃ pitte garīyasi||95|| 
Raktavit – blood in stools 
Raktamootrata – blood in urine 
Daha – Burning sensation 
Sveda – excess sweating 
Trut – excess thirst 
Balakshaya – depleted strength and immunity 
Murcha – unconsciousness, fainting 
When Kapha dominates other Doshas in Sannipata 
Jwara: Kapholbana Sannipata Jwara 
आलस्यारुचि हृल्लास दाहवम्प्यरततभ्रमैः| 
कफोल्बणं सत्रनपातं तरद्रा कासेन िाहदशेत्||९६|| 
ālasyāruci hṛllāsa dāhavamyaratibhramaiḥ| 
kapholbaṇaṃ sannipātaṃ tandrā kāsena cādiśet||96|| 
Alasya – laziness, lethargy 
Aruchi – Anorexia, lack of interest in food 
Hrullasa – nausea 
Daha – Burning sensation 
Vami – vomiting 
Arati – lack of interest 
Bhrama – dizziness, psychosis 
easyayurveda.com                                                                          274 
 
Tandra – drowsiness 
Kasa – cold, cough 
Heena Vata Madhya Pitta Shleshma Adhika:  
प्रततश्या छहदजरालस्यं तरद्राऽरुर्च्यत्ग्नमादजवम्| 
हीन वाते वपत्त मध्ये मलङ्गं श्लेष्माचिके मतम्||९७|| 
pratiśyā chardirālasyaṃ tandrā’rucyagnimārdavam| 
hīna vāte pitta madhye liṅgaṃ śleṣmādhike matam||97|| 
In Sannipata Jwara, where Vata is milkd, Pitta is moderately 
dominant and Kapha is very dominant, it produces below 
symptoms: 
Pratishyaya – Running nose, coryza 
Chardi – vomiting 
Alasya – laziness, lethargy 
Tandra – drowsiness, weakness in sense organs 
Aruchi – Anorexia, lack of interest in food 
Agnimardava – weak digestion strength 
Heena Vata, Madhya Kapha Pitta Adhika Sannipata Jwara:  
हाररद्र मूत्र नेत्रसवं दाहस्तृष्णा भ्रमोऽरुचिः| 
हीनवाते मध्यकफे मलङ्गं वपत्ताचिके मतम्||९८|| 
hāridra mūtra netratvaṃ dāhastṛṣṇā bhramo’ruciḥ| 
hīnavāte madhyakaphe liṅgaṃ pittādhike matam||98|| 
easyayurveda.com                                                                          275 
 
In Sannipata Jwara, where, Vata is mildly dominant, Kapha is 
moderate and Pitta is highly dominant, it produces below 
symptoms.",symptoms
82,swelling,"By this injury, Vata vitiates blood resulting in pain, swelling, 
discoloration and painful fever.",symptoms
83,sariva,"Patola, Sariva – Indian Sarsaparilla – Hemidesmus indicus, 
 Musta (Cyperus rotundus), Patha, and Katukarohini – 
Picrorhiza kurroa 
3.",medical_plants
84,neem,"Nimba – Neem (Azadirachta indica), Patola (pointed gourd), 
Triphala, raisins, Musta (Cyperus rotundus) and Vatsaka 
(Holarrhena antidysenterica Wall.)",ingredients
85,giloy,"Guduchi (Giloy), Amalaka and Musta (Cyperus rotundus) 
[200–203] 
Jwarahara Kashaya:  
वससकारग्विौ पाठां ष्ग्ररथां कटुरोहहणीम्| 
मूवां साततववषां तनम्प्बं पटोलं िरवयासकम्||२०४|| 
विां मुस्तमुशीरं ि मिुकं त्रत्रफलां बलाम्| 
पासयं शीतकषायं वा वपबेज्ज्वरहरं नरः||२०५|| 
मिूकमुस्तमृिीकाकाश्मयाजर्ण परूषकम्| 
त्रायमाणामुशीरं ि त्रत्रफलां कटुरोहहणीम्||२०६|| 
पीसवा तनमशत्स्थतं जरतुज्वजरार्च्छीघ्रं ववमुर्च्यते|२०७| 
easyayurveda.com                                                                          322 
 
vatsakāragvadhau pāṭhāṃ ṣaḍgranthāṃ kaṭurohiṇīm| 
mūrvāṃ sātiviṣāṃ nimbaṃ paṭolaṃ dhanvayāsakam||204|| 
vacāṃ mustamuśīraṃ ca madhukaṃ triphalāṃ balām| 
pākyaṃ śītakaṣāyaṃ vā pibejJwaraharaṃ naraḥ||205|| 
madhūkamustamṛdvīkākāśmaryāṇi parūṣakam| 
trāyamāṇāmuśīraṃ ca triphalāṃ kaṭurohiṇīm||206|| 
pītvā niśisthitaṃ janturjvarācchīghraṃ vimucyate|207| 
The decoctions or Sheeta Kashaya of the following medicines is 
taken by a person for the cure of Jvara: 
1.",medical_plants
86,manjistha,"A decoction is prepared of 
Chandana (red variety) 
Bhadrasri (white variety of Chandana) 
Kalanusarya, Kaliyaka, Padma (Prapaundarika), Padmaka, Usheera, 
Sariva, Madhuka, Magapushpa, Udeechya, Vanya, padma, Utapala, 
Nalima (a variety of Padma), Kumuda, Saugandhika, Pundarika, 
Sala Patra Bisa (thread of lotus stalk), Mruvala, Shaivala, 
Kasheruka, Ananta, Kusha, Kasha, Ikshu, Darbha, Shara, Nala– root 
of Shali, Jambu, Vetasa, Vanira (a variety of Vetasa having roots 
which are not fragnant), Gundra, Kakubha, Asana, Ashvakarna (A 
variety of Sala), Syandana (Nemi Vruksa), Vatapotha (Palasa), 
Shala, Tala, Dhava, Tinisha, Khadira, Kashara, Vitkhala– dira, 
Kadamba, Fruit of Kasmarya, Sarja, Vata (the variety without any 
adventitious root), Kapitana (which popularly known as 
Gandhamunda), Udambara, Asvattha, Nyagrodha, Dhataki, Durva, 
Itkata, Shrungataka, Manjistha, Jyotismati (Kanganika), Seeds of 
Puskara, Krauncadana, Badari (Ber fruit), Kovidara, Kasali, 
Samvartaka, Arista (a variety of Nimba growing in hills), Shataparva 
(Bibitaka), Sita Kumbhika (Kastha Patala), Shatavari, Sriparni, 
Sravani, Maha Sravani (alambusa having big fruits), Rohini, Sita 
Paki (Gandhadurva), Odanapaki (Nila Bhendi), Kala (Kakoli), Bala, 
Payasya, Vidari, Jivaka, Rishabhaka, Meda, Mahameda, Madhurasa, 
Rushyaprokta, Truna Shunya, Ketaki, Macarsa, Tarusaka, Bakula, 
Kutaja, Patola, Shalmali, Narikela, Kharjura, Mrudveeka – raisins, 
easyayurveda.com                                                                          348 
 
Priyala, Priyangu, Dhanvana, Atmagupta, Madhuka and such other 
medicines which are cold in potency.",medical_plants
87,shigru,"A decoction is prepared of: 
Aguru – Aqualaria agallocha 
Kushta – Saussurea lappa 
Tagara – Valeriana wallichii 
Patra – Cinnamomum tamala 
Nalada 
Shaileya, Dhyamaka, Harenuka, Sthaauneyaka, Ksemaka 
(Choraka), Ela – Elettaria cardamomum, Varanga, Bala, Pura – 
Guggulu, Tamala Patra, Bhutaika, Rohisha (popularly known as 
Rama Karpura), Sarala – Pinus roxburghii, Shallaki – Boswellia 
serrata, Devadaru – Cedrus deodara, Agnimantha – Clerodendrum 
easyayurveda.com                                                                          354 
 
phlomidis Linn.f., Bilva – Aegel marmelos, Shyonaka – Oroxylum 
indicum (Linn) Vent, Kashmarya (Gambhari), Patala – 
Stereospermum suaveolens, Punarnava – Boerhavia diffusa Linn, 
Vrushcheera, Kantakari – Solanum surattense Burm, Brihati – 
Solanum Indicum Linn, Shalaparni, Prushnaparni, Mashaparni, 
Mudga Parni, Gokshuraka – Tribulus, Eranda – Castor, Sobhanjana, 
Varuna – Crataeva nurvala, Arka – Calotropis gigantea, Cira Bilva – 
Aegel marmelos, Tilvaka, Shati, Puskara Mula – Inula racemosa, 
Gandira (a Variety of Ramatha), Urubuka, Pattura, Aksiva, 
Ashmantaka – Ficus rumphii, Shigru – Bauhinia variegata, 
Matulunga – Citrus medica, Piluka, Mulaka Parni (a variety of 
Sobhanjana), Tila Parni, Pilu Parni (Morata or Murva), Mesa Srngi – 
Gymnema Sylvestre, Himsra, Danta Shata, Aravata, Bhallataka – 
Semecarpus anacardium, Asphotaka, Andrira, Atmaja (Putranjana), 
Ekaisika (Ambastha), Karanja – Pongamia pinnata (Linn), Dhanyaka 
– Coriandrum sativum, Ajamoda – Apium graveolens, Prthvika, 
Sumakha, Surasa, Kutheraka, Asphotaka, Andira, Atmaja 
(Putranjama), Ekaisika (Ambastha), Phanijjhaka, Bhustruna, 
Srungavera, Pippali – Piper longum, mustard, Ashvagandha – 
Withania somnifera, Rasna, Ruha (Vruksha Ruha), Roha 
(Anjalikarika), Yava, Bala, Atibala, Guduchi, Shatapushpa, Sitavalli 
(Vrksa Kalambuka), Nakuli (Chavika), Gandha Nakuli (a variety of 
Rasna), Sveta jyotismati, Citraka – Plumbago zeylanica, Adhyanda 
(Sukasimbi), Amla Cangeri, Tila – Sesamum indicum, Badara, 
easyayurveda.com                                                                          355 
 
Kulattha – Dolichos biflorus, Masha and such other medicines which 
are hot in potency 
All these medicines or those amongst them which are available, is 
taken for the preparation of this decoction.",medical_plants
88,udvartana,"Abhyanga (massage), Udvartana 
(Unction), Snana (bath), dhupana (fumigation), (Anjana (Collyrium) 
and ghee prepared by boiling with bitter medicines are useful in the 
treatment of Jwara which has reappeared.",treatments
89,moringa,"Fever which is few days old – Activities and diet to follow – 
One year old rice – easy to digest, provides nourishment and 
strength 
Brinjal, Moringa leaves and fruit, bitter gourd,  pointed gourd, 
radish, Flattened rice (Poha), green gram, red lentil (masoor dal), 
Chickpea (chana), horse gram, kidney bean (moth), raisins, 
pomegranate.",medical_plants
90,kesar,"Avaleha prepared of the powders of 
Shringataka – Tectona grandis 
Laja – Fried paddy 
Musta – Cyperus rotundus 
Kharjura – Phoenix dactylifera and 
Kesara (androecium) of Padma (Nelumbo nucifera) by adding 
honey is given to the patient.",medical_plants
91,hemorrhoids,"Rectal bleeding / Malaena  
Prolapse of the rectum, injury to the rectal vessels, bleeding 
hemorrhoids, fissure in ano, injury or perforation of the intestines 
lead into bleeding from anus.",diseases
92,hypertension,"Nasal bleeding – Epistaxis  
Injury to the nasal mucosa, hidden pathology of the nostrils or 
brain like tumor, hypertension, Pitta vitiation etc.",diseases
93,insomnia,"Sthira: Remaining firmly fixed and elevated 
Pachyamana Gulma: 
दाहशूलाततजसङ्क्षोभ स्वप्ननाशारततज्वरैः| 
ववदह्यमानं जानीयाद्गुल्मं तमुपनाहयेत्||४१|| 
dāhaśūlārtisaṅkṣobha svapnanāśāratijvaraiḥ| 
vidahyamānaṃ jānīyādgulmaṃ tamupanāhayet||41|| 
Signs and symptoms occur when the Gulma is in the process of 
suppuration: 
Daha: Burning sensation 
Shoola: colic pain 
Arti: sawing pain 
Sankshoba: irritation,  
Swapna nasha – insomnia,  
disliking for everything and 
Jwara – fever.",diseases
94,obesity,"Asanadi Kashayam – useful in diabetes associated with obesity, 
non healing wounds, diabetic carbuncles.",diseases
95,jatamansi,"[85-86] 
Mamsyadi Lepa: 
मांसी मररिं लवणं रजनी तगरं सुिा गृहाधूमः| 
मूत्रं वपत्तं क्षारः पालाशः कुष्ठहा लेपः||८७|| 
māṃsī maricaṃ lavaṇaṃ rajanī tagaraṃ sudhā gṛhāddhūmaḥ| 
mūtraṃ pittaṃ kṣāraḥ pālāśaḥ kuṣṭhahā lepaḥ||87|| 
The paste of 
Mamsi – Nardostachys jatamansi 
Maricha – Piper nigrum 
Saindhava Rock-salt 
Rajani -Turmeric 
Tagara – Valeriana walichii 
Sudha – Arka – Calotropis procera 
Gruhadhuma (house shoot) 
Cow urine 
Pitta – bile and 
Palasha Kshara (alkali preparation) is used externally for the Kustha 
(skin diseases).",medical_plants
96,tankan,"Dusting of Tankana bhasma powder shows significant result in 
pustular scabies.",ingredients
97,bakuchi,"easyayurveda.com                                                                          729 
 
Manjishta-Rubia cordifolia 
Khadira-Acacia catechu 
Sariva-Hemidesmus indicus 
Nimba-Azadirachta indica 
Mahanimba-Melia azadirachta 
Gudoochi-Tinospora cordifolia 
Chandana-Santalum album 
Vasaka-Adathoda vasica 
Karanja-Pongamia pinnata 
Neelini-Indigofera tinctoria 
Haridra-Curcuma longa 
Daruharidra-Berberis aristata 
Kutaja-Holarrhena antidyscenterica 
Chakramarda-Oxalis corniculata 
Bakuchi-Psoralea corylifolia 
Formulations useful in the treatment of eczema: 
For external application- 
Karanja Taila 
Devdarvyadi Taila 
Lakshadi Taila 
Marichadi Taila 
Mahamarichayadi Taila 
Chakramarda taila 
Gandhakadya malahara 
Sindhooradya malahara etc 
For internal administration- 
Mahatiktaka kashaya – herbal decoction with a massive collection of 
bitter herbs 
Panchatiktaka kashaya – herbal decoction with five main bitter 
herbs 
Vasagudoochyadi kashaya – also useful in skin diseases 
Patola katurohinyadi kashaya 
Patoladi kashaya 
Tikta Ghrita 
Neela Ghrita 
Khadirarishta 
Maha Manjishthadi Kwatha 
easyayurveda.com                                                                          730 
 
Gandhaka rasayana 
Kaishora guggulu 
Triphala guggulu etc 
Wholesome diet and habits in Eczema 
Laghu Anna (Light food) 
Tikta Shaka (Bitter vegetables) 
Purana Dhanya (Older grains) 
Jangala Mamsa (Flesh of desert animals) 
Mudga (Greengram) 
Patola (snake gourd) 
Shali-Shastika – rice harvested in 60 days 
Yava – barley,  
Godhuma – wheat etc 
In cold countries, for those people who are allergic to gluten, wheat 
might not be ideal.",medical_plants
98,tulsi,"Tulsi for tinea cruris and ring worm infection:  
Tulsi has anti fungal properties.",ingredients
99,paralysis,"[ 3-4] 
Definition of insanity: 
उरमादं पुनमजनोबुवधसचज्ञाज्ञान स्मृतत भह्णक्त शील िेटािार ववभ्रमं ववद्यात्||५|| 
unmādaṃ punarmanobuddhisañjñājñāna smṛti bhakti śīla ceṣṭācāra 
vibhramaṃ vidyāt||5|| 
Insanity is characterized by the: 
Punar mano – pervasion of mind 
Buddhi – intellect 
Sanjna – consciousness 
Jnana – knowledge 
Smrti – memory 
Sheela – desire 
Chesta – manners 
Achara – behavior and 
Vibhrama – contact [5] 
Unmada Purvarupa – Premonitory symptoms  
तस्येमातन पूवजरूपार्ण; तद्यथा- मशरसः शूरयता, िक्षुषोराकुलता, स्वनः कणजयोः, 
उर्च््वासस्याचिसयम्, आस्य संस्रवणम्, अनरनामभलाषारोिकाववपाकाः, 
हृद्द्ग्रहः, ध्यानायास सम्प्मोहोिेगािास्थाने, सततं लोमहषजः, ज्वरिाभीक्ष्णम्, 
उरमत्त चित्तसवम्, उदहदजसवम्, अहदजताकृततकरणं ि व्यािेः, स्वप्ने िाभीक्ष्णं 
दशजनं भ्रारतिमलतानवत्स्थतानां रूपाणामप्रशस्तानां ि ततलपीडकिक्राचिरोहणं 
वातकुण्डमलकामभिोरमथनं तनमज्जनं ि कलुषाणामम्प्भसामावते 
िक्षुषोिापसपजणममतत (दोषतनममत्तानामुरमादानां पूवजरूपार्ण भवत्रत)||६|| 
easyayurveda.com                                                                          838 
 
tasyemāni pūrvarūpāṇi; tadyathā- śirasaḥ śūnyatā, cakṣuṣorākulatā, 
svanaḥ karṇayoḥ, ucchvāsasyādhikyam, āsya saṃsravaṇam, 
anannābhilāṣārocakāvipākāḥ, hṛdgrahaḥ, dhyānāyāsa 
sammohodvegāścāsthāne, satataṃ lomaharṣaḥ, jvaraścābhīkṣṇam, 
unmatta cittatvam, udarditvam, arditākṛtikaraṇaṃ ca vyādheḥ, 
svapne cābhīkṣṇaṃ darśanaṃ bhrāntacalitānavasthitānāṃ 
rūpāṇāmapraśastānāṃ ca tilapīḍakacakrādhirohaṇaṃ 
vātakuṇḍalikābhiśconmathanaṃ nimajjanaṃ ca 
kaluṣāṇāmambhasāmāvarte cakṣuṣoścāpasarpaṇamiti 
(doṣanimittānāmunmādānāṃ pūrvarūpāṇi bhavanti)||6|| 
Premonitory symptoms of insanity caused by the vitiation 
of Doshas: 
Shirasaḥ śūnyatā – Emptiness in head 
Chakṣuṣorākulatā – Congestion in eyes 
Svanaḥ karṇayoḥ – Noises in ears 
Ucchvāsasyādhikyam – Hard breathing in excess 
Aasya saṃsravaṇam – Excessive salivation in the mouth 
Anannābhilāṣārocakāvipākāḥ – Absence of inclination for food, 
anorexia and indigestion 
Hṛdgrahaḥ – Spasm in cardiac region 
Dhyānāyāsa sammohodvegāścāsthāne – Meditation, fatigue, 
unconsciousness and anxiety in improper situations 
Satataṃ lomaharṣaḥ – Continuous horripilation 
Jvaraścābhīkṣṇam – Frequent pyrexia 
Unmatta cittatvam – Fickle mindedness 
Udarditvam – Pain in the upper part of the body 
Arditākṛtikaraṇaṃ ca vyādheḥ – Manifestation of symptoms of facial 
paralysis resulting in movement in one half of the face 
Svapne cābhīkṣṇaṃ darśanaṃ – Frequent appearance of the 
following in dreams 
Bhrāntacalitānavasthitānāṃ rūpāṇāmapraśastānāṃ ca 
tilapīḍakacakrādhirohaṇaṃ vātakuṇḍalikābhiśconmathanaṃ – 
Inauspicious objects that are wandering, moving and unstable 
Nimajjanaṃ – Riding over the wheel of an oil press 
Kaluṣāṇāmambhasāmāvarte – Being churned by whirl- winds 
easyayurveda.com                                                                          839 
 
Sinking in fearful whirl pools and 
Chakṣuṣoścāpasarpaṇamiti – Retraction of eyes.",diseases
100,satavari,"Sveta (Sveta Aparajita) and veta Visanika (Satavari) triturated 
with cow urine 
3.",ingredients
101,rakta moksha,"Treatment: Langhanam – fasting, Rakta mokshana -blood- letting, 
application of unctuous ointment, elimination of the Doshas from 
the body (by emesis, purgation, etc) is performed.",treatments
102,shortness of breath,"Shortness of breath even with slight exercise 
9.",symptoms
103,kalmegh,"Behda, Katuki, 
Kalmegh, Punarwasu, Guduchi, Kamdudha ras, Praval panchamrut, 
yashad bhasm, Akik Pishti, Giloy satva, Arjuna, Bhrangaraj, fumaria 
indica, kasni, vidanga, milk thistle, goji berry etc.",medical_plants
104,shirodhara,"Hence treatments like 
Shirodhara treatment (pouring medicated liquid over forehead in 
easyayurveda.com                                                                          1357 
 
a stream), Regular Pranayama, is very useful.",treatments
105,arthritis,"Best Medicine For Obesity, Allergy, Rheumatoid Arthritis etc – Wake 
Up Before 6 am 
easyayurveda.com                                                                          1573 
 
Home remedies: 
Take half liter water, add 20 gm salt, one teaspoon turmeric, boil it 
for 10 minutes and take it repeatedly.",diseases
106,sore throat,"So it is always associated with other signs and symptoms 
like indigestion, tastelessness, regurgitation, sore throat, 
horripilation, sweet taste of the mouth or non perception of taste 
etc.",symptoms
107,acne,"These 
include the drugs prescribed (or taken without prescription) for: 
• Depression, Anxiety 
• Pain 
• Allergies, Colds (antihistamines and de-congestants) 
• Obesity 
• Acne 
• Epilepsy, Parkinson’s disease 
• Hypertension (diuretics) 
• Diarrhoea, Nausea 
• Psychotic disorders 
• Urinary incontinence 
• Asthma (certain broncho-dilators) 
• Muscle relaxants, Sedatives 
Allopathic Medicines that cause dry mouth: (with or 
without objective hypo-salivation and / or altered saliva 
consistency) 
• Atropine, Atropinics and Hyoscine 
• Antidepressants (Tricyclic antidepressants, Selective Seortonin 
reuptake inhibitors, Lithium) 
easyayurveda.com                                                                          1749 
 
• Anti-hypertensives (Terazosin, Prazosin, Clonidine, Atenolol, 
Propranolol) 
• Pheothiazines 
• Antihistamines 
• Anti-reflux drugs (proton pump inhibitors ex.",diseases
108,shankhpushpi,"Important Ayurvedic herbs used in the treatment of 
alcoholism: 
Herbs to improve memory, concentration and to fight depression:  
Shankhpushpi (Convolvulus pluricaulis),  
Kanphool (dandeleon),  
Brahmi – Bacopa monneiri 
Kudzu Pueraria lobata,  
Ashwagandha – withania somnifera,  
Herbs to treat sleep problems: 
Jatamansi (Nardostachys jatamansi),  
Sarpgandha, Brahmi 
Jaiphal/ Jaipatri (Myristica fragrans),  
easyayurveda.com                                                                          1952 
 
Herbs to improve liver functions: 
Aloe Vera, Punarnava, Long pepper, Kutki, Tulsi – to revive liver 
health 
Herbs to treat body ache, Myalgia: 
Rasna, Guggulu, Shallaki 
Herbs to treat inflammation – 
Dashamoola – group of 10 roots – 
Bilva – Aegle marmelos 
Agnimantha – Premna mucronata 
Shyonaka – Oroxylum indicum 
Patala – Stereospermum suaveolens 
Gambhari – Gmelina arborea 
Brihati – Solanum indicum 
Kantakari – Solanum xanthocarpum 
Gokshura – Tribulus terrestris 
Shalaparni – Desmodium gangeticum 
Prishnaparni – Uraria picta 
Naturopathy Treatment: 
Oil Massage.",medical_plants
109,shirolepa,"Ayurvedic therapies for migraine:  
Shirolepa – Application of herbal pastes which pacify Pitta Dosha 
like Sandalwood, camphor, Jatamansi.",treatments
110,sinusitis,"Mayura ghrita 
Bhoonimbadi khada – Used in fever, cold, sinusitis, headache  
Kamadugha rasa (mouktika yukta) – Used in all high Pitta 
conditions 
Chandrakala rasa 
Saptamrita rasa 
Sudhanidhi rasa 
Kumaryasava 
Godanti Bhasma – 250 mg of this medicine is given twice a day.",diseases
111,urinary tract infections,"They increase 
Pitta and Vata which are chief wrecks in causation of Mutrakrichra 
• Fruits and vegetables: Take lots of fruits and vegetables 
• Habits: Avoid smoking, alcohol and or caffeine as much as 
possible 
Topics covered in this article:  
Causes for dysuria: 
Infections: 
Urinary tract infections (UTI) – They are one of the common 
and leading causes of painful urination.",diseases
112,anjanam,"सवजङ्ग कुवपते वाते गात्र स्फुरण भचजाने॥ 
वेदनामभः परीताि स्फुटत्रत इव अस्य सरियः। (ि.चि.२८/२५) 
Sarvanga kupite vaate gaatra sphurana bhanjane 
Vedanaabhihi pareetascha sphutanti iva asya sandhayaha (Ref –
 Charaka Chikitsa 28/25) 
The symptoms of Sarvanga Vata (Vata vitiated in the whole body) 
are – Gatra sphurana (tremors all over the body), bhanjanam 
(crushing pain), severe splitting or blasting type of pain all over the 
easyayurveda.com                                                                          2358 
 
body, especially in the joints.",treatments
